Workbook

Sheet Metro_zhvi_uc_condo_tier_0.33_0
A1: RegionID | B1: SizeRank | C1: RegionName | D1: RegionType | E1: StateName | F1: 36556 | G1: 36585 | H1: 36616 | I1: 36646 | J1: 36677 | K1: 36707 | L1: 36738 | M1: 36769 | N1: 36799 | O1: 36830 | P1: 36860 | Q1: 36891 | R1: 36922 | S1: 36950 | T1: 36981 | U1: 37011 | V1: 37042 | W1: 37072 | X1: 37103 | Y1: 37134 | Z1: 37164 | AA1: 37195 | AB1: 37225 | AC1: 37256 | AD1: 37287 | AE1: 37315 | AF1: 37346 | AG1: 37376 | AH1: 37407 | AI1: 37437 | AJ1: 37468 | AK1: 37499 | AL1: 37529 | AM1: 37560 | AN1: 37590 | AO1: 37621 | AP1: 37652 | AQ1: 37680 | AR1: 37711 | AS1: 37741 | AT1: 37772 | AU1: 37802 | AV1: 37833 | AW1: 37864 | AX1: 37894 | AY1: 37925 | AZ1: 37955 | BA1: 37986 | BB1: 38017 | BC1: 38046 | BD1: 38077 | BE1: 38107 | BF1: 38138 | BG1: 38168 | BH1: 38199 | BI1: 38230 | BJ1: 38260 | BK1: 38291 | BL1: 38321 | BM1: 38352 | BN1: 38383 | BO1: 38411 | BP1: 38442 | BQ1: 38472 | BR1: 38503 | BS1: 38533 | BT1: 38564 | BU1: 38595 | BV1: 38625 | BW1: 38656 | BX1: 38686 | BY1: 38717 | BZ1: 38748 | CA1: 38776 | CB1: 38807 | CC1: 38837 | CD1: 38868 | CE1: 38898 | CF1: 38929 | CG1: 38960 | CH1: 38990 | CI1: 39021 | CJ1: 39051 | CK1: 39082 | CL1: 39113 | CM1: 39141 | CN1: 39172 | CO1: 39202 | CP1: 39233 | CQ1: 39263 | CR1: 39294 | CS1: 39325 | CT1: 39355 | CU1: 39386 | CV1: 39416 | CW1: 39447 | CX1: 39478 | CY1: 39507 | CZ1: 39538 | DA1: 39568 | DB1: 39599 | DC1: 39629 | DD1: 39660 | DE1: 39691 | DF1: 39721 | DG1: 39752 | DH1: 39782 | DI1: 39813 | DJ1: 39844 | DK1: 39872 | DL1: 39903 | DM1: 39933 | DN1: 39964 | DO1: 39994 | DP1: 40025 | DQ1: 40056 | DR1: 40086 | DS1: 40117 | DT1: 40147 | DU1: 40178 | DV1: 40209 | DW1: 40237 | DX1: 40268 | DY1: 40298 | DZ1: 40329 | EA1: 40359 | EB1: 40390 | EC1: 40421 | ED1: 40451 | EE1: 40482 | EF1: 40512 | EG1: 40543 | EH1: 40574 | EI1: 40602 | EJ1: 40633 | EK1: 40663 | EL1: 40694 | EM1: 40724 | EN1: 40755 | EO1: 40786 | EP1: 40816 | EQ1: 40847 | ER1: 40877 | ES1: 40908 | ET1: 40939 | EU1: 40968 | EV1: 40999 | EW1: 41029 | EX1: 41060 | EY1: 41090 | EZ1: 41121 | FA1: 41152 | FB1: 41182 | FC1: 41213 | FD1: 41243 | FE1: 41274 | FF1: 41305 | FG1: 41333 | FH1: 41364 | FI1: 41394 | FJ1: 41425 | FK1: 41455 | FL1: 41486 | FM1: 41517 | FN1: 41547 | FO1: 41578 | FP1: 41608 | FQ1: 41639 | FR1: 41670 | FS1: 41698 | FT1: 41729 | FU1: 41759 | FV1: 41790 | FW1: 41820 | FX1: 41851 | FY1: 41882 | FZ1: 41912 | GA1: 41943 | GB1: 41973 | GC1: 42004 | GD1: 42035 | GE1: 42063 | GF1: 42094 | GG1: 42124 | GH1: 42155 | GI1: 42185 | GJ1: 42216 | GK1: 42247 | GL1: 42277 | GM1: 42308 | GN1: 42338 | GO1: 42369 | GP1: 42400 | GQ1: 42429 | GR1: 42460 | GS1: 42490 | GT1: 42521 | GU1: 42551 | GV1: 42582 | GW1: 42613 | GX1: 42643 | GY1: 42674 | GZ1: 42704 | HA1: 42735 | HB1: 42766 | HC1: 42794 | HD1: 42825 | HE1: 42855 | HF1: 42886 | HG1: 42916 | HH1: 42947 | HI1: 42978 | HJ1: 43008 | HK1: 43039 | HL1: 43069 | HM1: 43100 | HN1: 43131 | HO1: 43159 | HP1: 43190 | HQ1: 43220 | HR1: 43251 | HS1: 43281 | HT1: 43312 | HU1: 43343 | HV1: 43373 | HW1: 43404 | HX1: 43434 | HY1: 43465 | HZ1: 43496 | IA1: 43524 | IB1: 43555 | IC1: 43585 | ID1: 43616 | IE1: 43646 | IF1: 43677 | IG1: 43708 | IH1: 43738 | II1: 43769 | IJ1: 43799 | IK1: 43830 | IL1: 43861 | IM1: 43890 | IN1: 43921 | IO1: 43951 | IP1: 43982 | IQ1: 44012 | IR1: 44043 | IS1: 44074 | IT1: 44104 | IU1: 44135 | IV1: 44165 | IW1: 44196 | IX1: 44227 | IY1: 44255 | IZ1: 44286 | JA1: 44316 | JB1: 44347 | JC1: 44377 | JD1: 44408 | JE1: 44439 | JF1: 44469 | JG1: 44500 | JH1: 44530 | JI1: 44561 | JJ1: 44592 | JK1: 44620 | JL1: 44651 | JM1: 44681 | JN1: 44712 | JO1: 44742 | JP1: 44773 | JQ1: 44804 | JR1: 44834 | JS1: 44865 | JT1: 44895 | JU1: 44926 | JV1: 44957 | JW1: 44985 | JX1: 45016 | JY1: 45046 | JZ1: 45077 | KA1: 45107 | KB1: 45138 | KC1: 45169 | KD1: 45199 | KE1: 45230 | KF1: 45260 | KG1: 45291 | KH1: 45322 | KI1: 45351 | KJ1: 45382 | KK1: 45412 | KL1: 45443 | KM1: 45473 | KN1: 45504 | KO1: 45535 | KP1: 45565 | KQ1: 45596 | KR1: 45626 | KS1: 45657 | KT1: 45688 | KU1: 45716 | KV1: 45747 | KW1: 45777 | KX1: 45808 | KY1: 45838 | KZ1: 45869 | LA1: 45900 | LB1: 45930
A2: 102001 | B2: 0 | C2: United States | D2: country | F2: 118113.17273417943 | G2: 118385.75016142862 | H2: 118728.15340175676 | I2: 119458.20157522308 | J2: 120302.91107163606 | K2: 121215.56404019454 | L2: 122193.09128874105 | M2: 123235.20624520548 | N2: 124305.1258551058 | O2: 125364.1640094117 | P2: 126398.35707127985 | Q2: 127437.18218274067 | R2: 128363.51035210508 | S2: 129248.00838353556 | T2: 130154.71073489216 | U2: 131195.93221600872 | V2: 132295.27375491356 | W2: 133387.66346345854 | X2: 134506.32708779228 | Y2: 135676.12481603114 | Z2: 136873.05181904358 | AA2: 138071.23830310666 | AB2: 139197.19381938127 | AC2: 140260.06994580335 | AD2: 141193.08 | AE2: 142092.48867010485 | AF2: 143020.38853807942 | AG2: 144066.33156046402 | AH2: 145216.76980984185 | AI2: 146438.39497133996 | AJ2: 147758.68993084205 | AK2: 149159.88757725203 | AL2: 150589.54696157607 | AM2: 151998.5324662272 | AN2: 153348.0250174684 | AO2: 154677.08142424378 | AP2: 155897.6002841977 | AQ2: 157090.73175966475 | AR2: 158314.49297956564 | AS2: 159643.56827650056 | AT2: 161067.62197919778 | AU2: 162474.3490354464 | AV2: 163923.44952157987 | AW2: 165400.9510926882 | AX2: 166944.03725984055 | AY2: 168473.1572401924 | AZ2: 169952.81734965986 | BA2: 171364.32360672022 | BB2: 172752.1965998139 | BC2: 174209.99273463292 | BD2: 175803.01619590665 | BE2: 177601.07865398555 | BF2: 179639.29609255702 | BG2: 181888.32509736542 | BH2: 184266.43247857722 | BI2: 186686.19002697698 | BJ2: 189095.45346279175 | BK2: 191420.69277501284 | BL2: 193569.14646221834 | BM2: 195702.6498827328 | BN2: 197756.6342797177 | BO2: 199916.46848743307 | BP2: 202211.81862787795 | BQ2: 204844.42292426576 | BR2: 207651.77166475382 | BS2: 210512.5076533509 | BT2: 213403.77249782594 | BU2: 216314.5246451569 | BV2: 219185.78352353876 | BW2: 221861.92817750399 | BX2: 224209.9175931944 | BY2: 226290.54322069747 | BZ2: 228093.75967627918 | CA2: 229764.04039457013 | CB2: 231460.28109171483 | CC2: 233293.49516202987 | CD2: 235067.67334549953 | CE2: 236543.40081213415 | CF2: 237534 | CG2: 238126.51513125468 | CH2: 238299.41852026814 | CI2: 238208.72153474123 | CJ2: 237986.74956817343 | CK2: 237677.31118227367 | CL2: 237316.17120263123 | CM2: 236959.6031703207 | CN2: 236541.51630825063 | CO2: 236060.42741759753 | CP2: 235340.6895662347 | CQ2: 234380.25652864474 | CR2: 233145.32389157396 | CS2: 231822.55197036066 | CT2: 230368.2654046747 | CU2: 228873.71832097028 | CV2: 227197.67372400968 | CW2: 225509.58902554866 | CX2: 223663.08149485066 | CY2: 221616.6212070773 | CZ2: 219325.25638784337 | DA2: 216817.3373111386 | DB2: 214267.9900009517 | DC2: 211670.1430859981 | DD2: 209018.4449100543 | DE2: 206174.52285504146 | DF2: 203315.49413297023 | DG2: 200501.8415041171 | DH2: 197787.31790940024 | DI2: 195113.32056780066 | DJ2: 192557.9968109458 | DK2: 190364.87228272518 | DL2: 188334.6103212977 | DM2: 186396.31590569942 | DN2: 184454.32156930453 | DO2: 182625.04149852364 | DP2: 180911.86307743794 | DQ2: 179294.9810373107 | DR2: 177804.48652051517 | DS2: 176602.91584594361 | DT2: 175849.8 | DU2: 175449.7255632454 | DV2: 175228.83 | DW2: 175005.05746885564 | DX2: 174785.19904115822 | DY2: 174677.34521213305 | DZ2: 174441.46853654168 | EA2: 173918.32 | EB2: 172916.37277722312 | EC2: 171677.43550693584 | ED2: 170295.2427772108 | EE2: 168915.78266204594 | EF2: 167543.61595968236 | EG2: 166357.5339305447 | EH2: 165293.68196720464 | EI2: 164373.11120889953 | EJ2: 163452.88635942675 | EK2: 162488.67625754108 | EL2: 161349.6750424579 | EM2: 160241.65200957144 | EN2: 159211.8232570787 | EO2: 158319.57132331826 | EP2: 157490.27180580003 | EQ2: 156739.81897433827 | ER2: 156171.12 | ES2: 155693.9686547326 | ET2: 155388.21623657155 | EU2: 155219.1926775181 | EV2: 155218.01457869727 | EW2: 155319.75583388205 | EX2: 155611.61937335166 | EY2: 156140.48218408925 | EZ2: 156839.5620359122 | FA2: 157474.7752008542 | FB2: 158166.68272010598 | FC2: 158899.04182178565 | FD2: 159824.59273065985 | FE2: 160867.77 | FF2: 162285.0061256717 | FG2: 163863.44 | FH2: 165490.55147749124 | FI2: 167110.39037267445 | FJ2: 168864.2665853903 | FK2: 170750.65272617392 | FL2: 172444.9648418534 | FM2: 174111.2129625987 | FN2: 175895.6393342237 | FO2: 177852.7649307154 | FP2: 179579.01202340765 | FQ2: 180989.96362841208 | FR2: 182220.70903142283 | FS2: 183546.21 | FT2: 184966.24722438375 | FU2: 186361.85834417967 | FV2: 187801.8600239368 | FW2: 188990.61354580728 | FX2: 190143.52808105774 | FY2: 191060.98916007453 | FZ2: 191953.17493614752 | GA2: 192667.52368465703 | GB2: 193541.85287714473 | GC2: 194555.42203825634 | GD2: 195594.1399297826 | GE2: 196471.87541641993 | GF2: 197304.22289691283 | GG2: 198140.77999708484 | GH2: 199106.6445961078 | GI2: 199973.7161387065 | GJ2: 200941.66194225414 | GK2: 202003.17158127166 | GL2: 203161.8768831851 | GM2: 204468.19858194466 | GN2: 205710.2565395151 | GO2: 206952.74805647475 | GP2: 208160.71047410544 | GQ2: 209291.2590379324 | GR2: 210299.95104191723 | GS2: 211331.14964293907 | GT2: 212323.79380704358 | GU2: 213440.9771947294 | GV2: 214169.2829656033 | GW2: 214761.55685899826 | GX2: 215349.7510021984 | GY2: 216238.03785923534 | GZ2: 217394.6824071506 | HA2: 218621.46470126766 | HB2: 219861.89326930477 | HC2: 221324.82693228012 | HD2: 222847.6776229708 | HE2: 224409.18036448877 | HF2: 225549.58063912555 | HG2: 226674.16925214967 | HH2: 227746.0200500161 | HI2: 228975.63742787697 | HJ2: 230132.9254550532 | HK2: 231477.3712177151 | HL2: 232797.8707120828 | HM2: 234283.22299115444 | HN2: 235693.85439539887 | HO2: 237129.05733579057 | HP2: 238753.14241618454 | HQ2: 240267.91774103107 | HR2: 241779.39225744584 | HS2: 242795.44951747262 | HT2: 244173.47984860363 | HU2: 245518.03374901848 | HV2: 247057.36846018277 | HW2: 248142.2425091382 | HX2: 249103.46074008537 | HY2: 249979.17570963225 | HZ2: 250801.99488395033 | IA2: 251529.83358524178 | IB2: 251989.16664284747 | IC2: 252300.33970196825 | ID2: 252455.2700295469 | IE2: 252642.6133983132 | IF2: 252858.92921158686 | IG2: 253209.4952261312 | IH2: 253541.97302461232 | II2: 254132.08 | IJ2: 255174.45613439838 | IK2: 256536.01746573168 | IL2: 258336.10687056326 | IM2: 259983.26942559364 | IN2: 261554.75695958108 | IO2: 262631.6564037264 | IP2: 263116.01827120176 | IQ2: 263124.94550191256 | IR2: 262959.7455268086 | IS2: 263330.32514127577 | IT2: 264625.4263851515 | IU2: 266686.9166064475 | IV2: 269405.03568339447 | IW2: 272287.16320565756 | IX2: 274840.71284340235 | IY2: 277200.33892445994 | IZ2: 279716.4249669022 | JA2: 282730.82203995757 | JB2: 286560.8416876408 | JC2: 290844.49555209716 | JD2: 295364.2856434649 | JE2: 299379.56611555786 | JF2: 302769.1953041227 | JG2: 306004.5273979492 | JH2: 309424.99 | JI2: 313117.3475667577 | JJ2: 316939.4615615633 | JK2: 321010.8406229487 | JL2: 325687.88846039464 | JM2: 330986.55226112524 | JN2: 336050.7243673953 | JO2: 340583.52298190043 | JP2: 343198.1057963383 | JQ2: 343900.49 | JR2: 343056.7257371903 | JS2: 342377.1267122102 | JT2: 342112.07333310513 | JU2: 341752.0307197794 | JV2: 340536.7095589911 | JW2: 338998.95079867286 | JX2: 337847.31082157604 | JY2: 337928.85060736415 | JZ2: 339042.86202301783 | KA2: 340877.7351223614 | KB2: 342815.1903065857 | KC2: 344923.90110005526 | KD2: 346803.5972722334 | KE2: 348154.4066168514 | KF2: 348870.55684771907 | KG2: 348810.82028840086 | KH2: 348983.41411332943 | KI2: 349337.4048453495 | KJ2: 350555.3302288458 | KK2: 351560.37 | KL2: 352072.95454610867 | KM2: 351564.1376233457 | KN2: 350908.33847663394 | KO2: 350617.55252563575 | KP2: 350650.9507329163 | KQ2: 350694.77488162456 | KR2: 350380.8703583943 | KS2: 350262.2658717094 | KT2: 350332.56236713525 | KU2: 350535.0523206988 | KV2: 350155.7395703274 | KW2: 349391.89442504785 | KX2: 348308.9548003795 | KY2: 347261.11175277777 | KZ2: 346184.6037260051 | LA2: 345474.4520092838 | LB2: 345216.0341246207
A3: 394913 | B3: 1 | C3: New York, NY | D3: msa | E3: NY | F3: 194003.67811348496 | G3: 194837.08749765053 | H3: 195663.97975353012 | I3: 197386.2004543111 | J3: 199256.45441391118 | K3: 201351.82146579563 | L3: 203626.5381770133 | M3: 205950.78003832922 | N3: 208372.5364502516 | O3: 210864.7161138246 | P3: 213402.59900007417 | Q3: 215892.26762041627 | R3: 218297.15555186162 | S3: 220797.9331764209 | T3: 223244.14964744818 | U3: 225723.41770133495 | V3: 228105.6622019622 | W3: 230566.50245872396 | X3: 232971.94138857318 | Y3: 235489.33258418785 | Z3: 238011.5933663774 | AA3: 240688.84573342153 | AB3: 243230.55586783463 | AC3: 245690.6343947261 | AD3: 248201.66189239456 | AE3: 250292.80479181543 | AF3: 252102.84029080765 | AG3: 253672.9181443029 | AH3: 255575.4268331343 | AI3: 257812.5375059629 | AJ3: 260219.61870833626 | AK3: 263186.35638127424 | AL3: 266382.8240901429 | AM3: 269686.6963425719 | AN3: 272577.9446205082 | AO3: 275304.6120803393 | AP3: 278005.54753288446 | AQ3: 280954.6560889101 | AR3: 284255.59062759805 | AS3: 287432.4511376076 | AT3: 290714.79858287744 | AU3: 294430.1755964654 | AV3: 298645.8050789213 | AW3: 302638.4186605622 | AX3: 305852.27973603504 | AY3: 308558.50510181556 | AZ3: 311047.2543402248 | BA3: 313524.7770350109 | BB3: 316127.63061027427 | BC3: 318893.95235879027 | BD3: 321742.50761547894 | BE3: 324624.2126951614 | BF3: 327955.3652763149 | BG3: 331607.7071017924 | BH3: 335801.2777557768 | BI3: 340173.2797082489 | BJ3: 345034.9969533654 | BK3: 349970.80439113587 | BL3: 354814.72415219847 | BM3: 359372.8424901112 | BN3: 363700.4942991866 | BO3: 367957.1600119806 | BP3: 372492.99628276547 | BQ3: 377476.6680831097 | BR3: 382668.5508098524 | BS3: 387735.0353000425 | BT3: 392681.3325281161 | BU3: 397631.0289566869 | BV3: 402537.5968879726 | BW3: 407771.6238548465 | BX3: 412809.02681791503 | BY3: 417810.99455215456 | BZ3: 422243.53041903005 | CA3: 426516.21298798436 | CB3: 429767.22603965463 | CC3: 432603.41753196117 | CD3: 435252.8269852742 | CE3: 437980.2051984074 | CF3: 439786.2853247332 | CG3: 440015.99253840203 | CH3: 438856.4488388877 | CI3: 436871.68264240894 | CJ3: 435172.87756536814 | CK3: 434285.28996345244 | CL3: 433508.39663824724 | CM3: 432935.0427570475 | CN3: 432885.1049933711 | CO3: 433361.81264394335 | CP3: 433770.7501856168 | CQ3: 432729.8282604393 | CR3: 431249.67539085896 | CS3: 429691.84924887255 | CT3: 428919.7815399898 | CU3: 428628.4869104225 | CV3: 428431.4863358825 | CW3: 428026.96158520615 | CX3: 427541.8316452881 | CY3: 427176.6102157671 | CZ3: 426331.58021717914 | DA3: 425252.66465257964 | DB3: 423363.9665540519 | DC3: 421430.3312607881 | DD3: 419100.3911502908 | DE3: 416777.5630231658 | DF3: 414592.7283100669 | DG3: 412459.91378961067 | DH3: 410175.42 | DI3: 406800.9738652906 | DJ3: 403056.10133063886 | DK3: 399433.71 | DL3: 397031.9327317847 | DM3: 393569.2190729157 | DN3: 390481.9858095125 | DO3: 386825.1024449097 | DP3: 383866.2279849316 | DQ3: 380440.2343250254 | DR3: 377488.4668698763 | DS3: 375325.5903761227 | DT3: 373944.39568475075 | DU3: 372637.87654754665 | DV3: 372195.7267458716 | DW3: 372513.4895390553 | DX3: 372609.64625587966 | DY3: 372733.87587469566 | DZ3: 372600.5252608514 | EA3: 373496.16785351373 | EB3: 374691.08602337213 | EC3: 375445.22 | ED3: 375770.8905699066 | EE3: 375453.2826735282 | EF3: 374376.3977754723 | EG3: 372907.88208226586 | EH3: 371741.08384750324 | EI3: 371242.2404073477 | EJ3: 372079.4658074828 | EK3: 372433.7115156741 | EL3: 372087.20872401446 | EM3: 370725.0750105896 | EN3: 369380.99 | EO3: 368974.8504833037 | EP3: 368874.2677431335 | EQ3: 368803.1478259552 | ER3: 368515.90916818724 | ES3: 368427.27 | ET3: 368165.4782090586 | EU3: 368023.8233136274 | EV3: 368151.62100178207 | EW3: 368640.8622945166 | EX3: 369613.25943767064 | EY3: 370406.9326393481 | EZ3: 371722.7907219977 | FA3: 372332.6180936927 | FB3: 372759.86097011965 | FC3: 372899.6023850506 | FD3: 373849.36434175685 | FE3: 374894.75122437876 | FF3: 376996.03865485784 | FG3: 379185.7757690649 | FH3: 381296.2292648037 | FI3: 382304.48222545465 | FJ3: 382853.0593323913 | FK3: 384228.91083804256 | FL3: 386031.6590752618 | FM3: 388274.34770206804 | FN3: 391224.59534180636 | FO3: 394934.6536213872 | FP3: 398459.3337375611 | FQ3: 400337.40840409044 | FR3: 401967.25220969575 | FS3: 404214.94736225554 | FT3: 407842.1774661707 | FU3: 411175.2308025321 | FV3: 414549.51517184783 | FW3: 416606.9965384875 | FX3: 418390.5240031443 | FY3: 419239.67163567705 | FZ3: 420507.00606106105 | GA3: 422335.34192703915 | GB3: 424867.89326743997 | GC3: 426971.37585903186 | GD3: 427614.8598859189 | GE3: 427148.81393083005 | GF3: 427202.40906692715 | GG3: 427773.11244165216 | GH3: 429290.0674689191 | GI3: 430082.0807785283 | GJ3: 431253.00357454916 | GK3: 433248.9449073763 | GL3: 436416.62768326356 | GM3: 440393.0327751259 | GN3: 443817.3734383462 | GO3: 447533.87748850643 | GP3: 449841.2997859752 | GQ3: 451322.7206406466 | GR3: 452119.0977526132 | GS3: 453709.43500766606 | GT3: 455754.02 | GU3: 457942.3981051785 | GV3: 459530.6170060779 | GW3: 460768.0197639407 | GX3: 461567.8281509623 | GY3: 462369.81715454045 | GZ3: 464018.53376751166 | HA3: 467125.4112744974 | HB3: 470333.04011206824 | HC3: 474763.2874362946 | HD3: 478645.50958673033 | HE3: 484172.28965491225 | HF3: 487791.8304675298 | HG3: 490939.8927294563 | HH3: 492548.26985446474 | HI3: 494940.3802471661 | HJ3: 496479.2278067931 | HK3: 499227.3382859551 | HL3: 500843.9578837909 | HM3: 504415.09928190423 | HN3: 508742.3151803854 | HO3: 513411.3590979975 | HP3: 517638.52664931555 | HQ3: 520983.9756871839 | HR3: 524739.1574790118 | HS3: 527266.99 | HT3: 529530.5581571735 | HU3: 531654.2093546331 | HV3: 535392.21 | HW3: 537323.8602033979 | HX3: 537617.46 | HY3: 535529.9179910092 | HZ3: 533213 | IA3: 531651.3503307719 | IB3: 529665.1070515532 | IC3: 528691.1852940907 | ID3: 528029.6677501966 | IE3: 528546.09 | IF3: 529164.9301780099 | IG3: 529113.0062911193 | IH3: 527527.02 | II3: 525067.9640381646 | IJ3: 525027.3555579475 | IK3: 526409.2371771128 | IL3: 529315.7177348536 | IM3: 529831.5485801022 | IN3: 529538.2969923363 | IO3: 528766.34 | IP3: 529217.42 | IQ3: 529459.6064270688 | IR3: 528135.54 | IS3: 525252.1700165503 | IT3: 524057.70135645056 | IU3: 524697.1301818523 | IV3: 526444.9098878488 | IW3: 528192.47 | IX3: 529109.7747131753 | IY3: 530598.8835745854 | IZ3: 532728.2676120572 | JA3: 534390.1169198077 | JB3: 536641.1378869187 | JC3: 537606.7237105193 | JD3: 539603.8937131208 | JE3: 540703.9171762319 | JF3: 541535.3493757002 | JG3: 543371.0085461889 | JH3: 546083.7706864756 | JI3: 548690.7934741345 | JJ3: 550403.9143906058 | JK3: 552547.5089621969 | JL3: 557176.2690874707 | JM3: 561843.2832817958 | JN3: 565456.8769129418 | JO3: 568153.17 | JP3: 568916.2162765759 | JQ3: 566661.2743062127 | JR3: 561007.5672345881 | JS3: 556233.0890056539 | JT3: 552461.3056695391 | JU3: 548421.2668492036 | JV3: 542883.8028532757 | JW3: 537019.8185847088 | JX3: 532519.3366089683 | JY3: 529665.2489655844 | JZ3: 528144.8503751393 | KA3: 527506.1865843037 | KB3: 527891.61 | KC3: 528615.7458924236 | KD3: 529281.2382226291 | KE3: 528946.2501462664 | KF3: 528061.9515343206 | KG3: 527318.7239919308 | KH3: 527802.0923167064 | KI3: 529506.6158955498 | KJ3: 533089.47 | KK3: 536880.9701267075 | KL3: 540298.89 | KM3: 542277.3652764736 | KN3: 544671.8938269974 | KO3: 547768.4419163711 | KP3: 550459.8359727431 | KQ3: 552335.3196780476 | KR3: 554364.3828309911 | KS3: 557095.49 | KT3: 559514.0083722525 | KU3: 561404.7409043759 | KV3: 562754.6748793576 | KW3: 563349.2063767047 | KX3: 563423.16 | KY3: 563428.6033601393 | KZ3: 564033.6093797943 | LA3: 564544.4821597596 | LB3: 565611.5850032168
A4: 753899 | B4: 2 | C4: Los Angeles, CA | D4: msa | E4: CA | F4: 173417.53 | G4: 174106.30342564918 | H4: 174986.69877608426 | I4: 176775.18836888426 | J4: 178728.01803509038 | K4: 180685.8520961071 | L4: 182695.5709187816 | M4: 184713.4370560704 | N4: 186657.31239986848 | O4: 188442.54853561553 | P4: 190110.88691492006 | Q4: 191811.53440077967 | R4: 193122.45796935272 | S4: 194539.81 | T4: 196110.79940447025 | U4: 198341.0012945132 | V4: 200682.5279878102 | W4: 202932.5716651895 | X4: 205146.23993258385 | Y4: 207311.79229085974 | Z4: 209470.91997347397 | AA4: 211541.16440029358 | AB4: 213413.82630359972 | AC4: 215261.90392792682 | AD4: 216783.09468559266 | AE4: 218516.27774702446 | AF4: 220583.77485064176 | AG4: 223315.31447885674 | AH4: 226432.47874339062 | AI4: 229721.72191167952 | AJ4: 233620.73362526228 | AK4: 237722.65594264105 | AL4: 241868.57014861747 | AM4: 245656.20558878838 | AN4: 249328.51536844857 | AO4: 252942.2640031942 | AP4: 256003.4 | AQ4: 258896.84409036147 | AR4: 261983.45004178863 | AS4: 265581.0063119474 | AT4: 269873.9191918648 | AU4: 273738.0125835906 | AV4: 278193.10223839036 | AW4: 282858.1773787669 | AX4: 288144.9123378495 | AY4: 292921.97 | AZ4: 297490.3 | BA4: 302028.9736385361 | BB4: 306942.6106424823 | BC4: 312520.26346639794 | BD4: 318904.54308069637 | BE4: 326418.4013664185 | BF4: 335335.7414721188 | BG4: 344558.02355739335 | BH4: 353105.6827615535 | BI4: 360264.8191995599 | BJ4: 366840.4863697781 | BK4: 373070.32583043445 | BL4: 377684.85753026744 | BM4: 381922.30961109046 | BN4: 385636.6180035031 | BO4: 390259.7750445196 | BP4: 395378.03292892175 | BQ4: 400705.4681911269 | BR4: 405774.7815350884 | BS4: 410452.55211748387 | BT4: 415766.9605227847 | BU4: 421657.17422155914 | BV4: 427835.1477615374 | BW4: 434109.5594619426 | BX4: 438841.65119389765 | BY4: 443258.6017164409 | BZ4: 446972.21314126765 | CA4: 450461.08172620443 | CB4: 453575.56082361116 | CC4: 456278.4679798924 | CD4: 459226.9727552159 | CE4: 461646.08462463925 | CF4: 462508.6624262053 | CG4: 463217.74641960516 | CH4: 462302.2640908365 | CI4: 461999.93520747795 | CJ4: 461139.1676622142 | CK4: 460729.0408995299 | CL4: 460629.68972967885 | CM4: 460377.2841476784 | CN4: 459685.7492641844 | CO4: 458234.24902613583 | CP4: 455737.6142316366 | CQ4: 453144.66710806295 | CR4: 449150.8254272363 | CS4: 444634.38463476434 | CT4: 439213.71293968166 | CU4: 433922.9338012216 | CV4: 429750.8234014047 | CW4: 425115.2457847506 | CX4: 420613.6656297894 | CY4: 414361.9947077197 | CZ4: 407239.49997876055 | DA4: 398156.1830013118 | DB4: 388401.8736490128 | DC4: 379424.5488076832 | DD4: 371602.7794492874 | DE4: 364878.25 | DF4: 359901.8051015543 | DG4: 355394.22 | DH4: 350584.24385000434 | DI4: 343921.4961704327 | DJ4: 338251.3841672195 | DK4: 334645.09880614496 | DL4: 332208.8241625171 | DM4: 329546.0242488149 | DN4: 326585.60490529845 | DO4: 323212.4871732324 | DP4: 320340.6078770761 | DQ4: 318518.01834423817 | DR4: 317726.41662723984 | DS4: 317415.29821915453 | DT4: 317995.43624375045 | DU4: 320264.3048149384 | DV4: 321727.6126962863 | DW4: 321686.4261112261 | DX4: 321439.7807188499 | DY4: 322341.90236970084 | DZ4: 324059.57500671246 | EA4: 323425.0098804427 | EB4: 321240.81374269276 | EC4: 317543.9937457052 | ED4: 313731.0867789848 | EE4: 309932.9810895033 | EF4: 306296.17 | EG4: 304126.4584811742 | EH4: 302809.62753362354 | EI4: 302470.50829124503 | EJ4: 301205.5028843463 | EK4: 299554.8875970519 | EL4: 295909.46693809045 | EM4: 293612.87678165414 | EN4: 291697.9028063281 | EO4: 289728.7218760038 | EP4: 286555.50028038694 | EQ4: 283156.59223677823 | ER4: 281497.56719450554 | ES4: 280571.83710909117 | ET4: 279677.02036789176 | EU4: 278134.22954410576 | EV4: 275862.05666793435 | EW4: 273719.89382497873 | EX4: 272372.3537378172 | EY4: 272470.2462008167 | EZ4: 273474.44801305985 | FA4: 275800.48678436683 | FB4: 279256.7241685925 | FC4: 283827.73251925054 | FD4: 289024.40683394944 | FE4: 294399.77606509224 | FF4: 299431.0364570318 | FG4: 303485.97927778866 | FH4: 306788.2713776925 | FI4: 310671.80350395315 | FJ4: 315955.48624325654 | FK4: 322608.6398764259 | FL4: 329263.50399747276 | FM4: 336127.7727851367 | FN4: 343267.80777795054 | FO4: 350607.7077209263 | FP4: 356946.39692511136 | FQ4: 361770.02251920017 | FR4: 364736.9770820785 | FS4: 366912.6029738867 | FT4: 368462.57447853143 | FU4: 370396.99956380646 | FV4: 372340.83540222497 | FW4: 374065.17351610615 | FX4: 375627.2 | FY4: 377169.87360221526 | FZ4: 379890.87829989893 | GA4: 383172.2526269772 | GB4: 386974.96730546205 | GC4: 390558.7484035059 | GD4: 392769.7801140123 | GE4: 393744.6757006039 | GF4: 393731.2494568241 | GG4: 393796.57779437426 | GH4: 394456.28647470864 | GI4: 395426.3254806716 | GJ4: 396285.8230201351 | GK4: 396218.66076732706 | GL4: 395492.18 | GM4: 394906.6465159126 | GN4: 394188.2147292406 | GO4: 393385.4552198748 | GP4: 395295.1015969965 | GQ4: 400289.58691925084 | GR4: 407414.5249890701 | GS4: 413437.2698588153 | GT4: 418004.47665506584 | GU4: 421685.5824117978 | GV4: 422563.7875154453 | GW4: 420513.03030927735 | GX4: 416506.01 | GY4: 413737.3300425757 | GZ4: 413495.82 | HA4: 415046.69624679716 | HB4: 420579.8795216624 | HC4: 428680.4042980112 | HD4: 438152.50724899786 | HE4: 445204.66 | HF4: 449979.78891239135 | HG4: 453738.41458353336 | HH4: 455117.59994301276 | HI4: 455729.30493518664 | HJ4: 456245.4368016284 | HK4: 459046.4382680163 | HL4: 462358.8929930918 | HM4: 465858.7208966019 | HN4: 470317.9682238612 | HO4: 476253.70804155787 | HP4: 482521.04588418367 | HQ4: 487696.2270179782 | HR4: 491646.3673621304 | HS4: 494349.2734028413 | HT4: 497606.0421900168 | HU4: 501788.99139267346 | HV4: 507304.1631622501 | HW4: 512449.29882372747 | HX4: 516083.15671333374 | HY4: 518226.73110685917 | HZ4: 516929.2023835641 | IA4: 512937.8742767383 | IB4: 507370.0327445348 | IC4: 503342.8471586791 | ID4: 500645.0865750084 | IE4: 498688.48055538937 | IF4: 498075.0086713214 | IG4: 499754.8824873529 | IH4: 503211.2317934137 | II4: 507049.5163313777 | IJ4: 510548.3661345861 | IK4: 514229.2780972741 | IL4: 516613.6548961235 | IM4: 517625.0710562188 | IN4: 517307.6038249997 | IO4: 517229.19957375986 | IP4: 516276.0940066795 | IQ4: 514837.08780572406 | IR4: 514174.7272770096 | IS4: 516679.67526207655 | IT4: 522091.9882567471 | IU4: 528900.3869860948 | IV4: 536767.5805298005 | IW4: 544328.7283598603 | IX4: 549681.0224433041 | IY4: 552159.2399845066 | IZ4: 553041.6565007064 | JA4: 555751.1004924608 | JB4: 561292.6817733619 | JC4: 569049.56 | JD4: 578193.1300865536 | JE4: 587293.1457176849 | JF4: 595981.3117145564 | JG4: 604564.4705182606 | JH4: 613202.3036471909 | JI4: 622869.1230167467 | JJ4: 631455.8489971535 | JK4: 639617.7003505132 | JL4: 647512.4167793331 | JM4: 655863.3611592092 | JN4: 663486.3116042884 | JO4: 668861.8231582022 | JP4: 671309.2792812745 | JQ4: 670232.5333431199 | JR4: 666942.13 | JS4: 664514.5509645584 | JT4: 663333.1377170017 | JU4: 662020.3258113157 | JV4: 656577.0423594166 | JW4: 648670.6395215594 | JX4: 641689.4249519372 | JY4: 639624.2291938872 | JZ4: 641477.8348109197 | KA4: 645885.2930386116 | KB4: 652161.3087235251 | KC4: 660368.8750551053 | KD4: 669267.4938323082 | KE4: 676728.4396833446 | KF4: 682096.4717376332 | KG4: 684593.3687139683 | KH4: 684721.0756490803 | KI4: 683147.3115697211 | KJ4: 682958.7821240468 | KK4: 683940.72 | KL4: 686204.1829107333 | KM4: 686848.3336531712 | KN4: 688477.22 | KO4: 690423.5280089597 | KP4: 693306.8742890371 | KQ4: 695121.5231437875 | KR4: 696724.3797149103 | KS4: 698138.9164345273 | KT4: 698341.3033356703 | KU4: 697768.8157228656 | KV4: 694990.4352833135 | KW4: 691879.4710980607 | KX4: 687274.6212791075 | KY4: 683191.3313864328 | KZ4: 679838.1351585736 | LA4: 677756.16 | LB4: 676659.3030073904
A5: 394463 | B5: 3 | C5: Chicago, IL | D5: msa | E5: IL | F5: 137679.23168239123 | G5: 137819.36948207777 | H5: 138122.8228128039 | I5: 138827.82758528533 | J5: 139724.14201686793 | K5: 140698.30222068017 | L5: 141682.0049895563 | M5: 142887.65281345195 | N5: 144292.76189579992 | O5: 145893.60474375638 | P5: 147258.7831879342 | Q5: 148404.68271799292 | R5: 149339.21934582296 | S5: 150171.53693789095 | T5: 151052.70524708592 | U5: 151956.55638414586 | V5: 153057.7625731558 | W5: 154249.7581396796 | X5: 155505.63430716528 | Y5: 156937.66219924626 | Z5: 158485.22112025754 | AA5: 160176.0936463347 | AB5: 161595.76806192505 | AC5: 162795.07531007528 | AD5: 163739.0020082997 | AE5: 164695.3471200081 | AF5: 165732.2592106981 | AG5: 166726.58569767003 | AH5: 167848.6093729801 | AI5: 168938.1692223821 | AJ5: 170102.38818498087 | AK5: 171433.06300320613 | AL5: 172877.70948791355 | AM5: 174405.08391606444 | AN5: 175501.65189110077 | AO5: 176473.15364584944 | AP5: 177297.76092167312 | AQ5: 178246.3261449053 | AR5: 179109.23192888757 | AS5: 180082.4311422558 | AT5: 180961.3504744559 | AU5: 181801.76550765513 | AV5: 182504.71153925764 | AW5: 183418.82389707747 | AX5: 184508.78545010102 | AY5: 185721.14349720793 | AZ5: 186822.36387715046 | BA5: 187708.8 | BB5: 188560.84090218807 | BC5: 189359.18807642566 | BD5: 190177.09054946853 | BE5: 191198.85813513887 | BF5: 192323.6366590046 | BG5: 193678.67773793964 | BH5: 194867.8550774826 | BI5: 196184.9848266535 | BJ5: 197449.56252659307 | BK5: 198836.16593476033 | BL5: 200108.24503733186 | BM5: 201381.6716521274 | BN5: 202450.39352219782 | BO5: 203564.65268714246 | BP5: 204697.49773553453 | BQ5: 205999.29 | BR5: 207321.29827109235 | BS5: 208639.31409445274 | BT5: 209847.16271427786 | BU5: 211127.53991091493 | BV5: 212576.27160266228 | BW5: 214189.31943129166 | BX5: 215457.42489255077 | BY5: 216544.45807156866 | BZ5: 217490.18714724024 | CA5: 218507.1811917897 | CB5: 219588.7139175765 | CC5: 220602.39844613476 | CD5: 221699.93648560412 | CE5: 222388.85430745734 | CF5: 222841.01381813688 | CG5: 223173.91690839233 | CH5: 223425.78922497653 | CI5: 223630.5192893799 | CJ5: 223722.65007506273 | CK5: 223937.58920488026 | CL5: 224322.7260770939 | CM5: 224816.4942832312 | CN5: 225210.02118668263 | CO5: 225342.67928776177 | CP5: 225196.50355220112 | CQ5: 224973.38728053225 | CR5: 224662.7610433359 | CS5: 224380.3966383637 | CT5: 223842.71229316425 | CU5: 223298.28481875823 | CV5: 222845.13991453892 | CW5: 222287.50875203652 | CX5: 221616.25565949592 | CY5: 219673.4760151972 | CZ5: 219032.82573299264 | DA5: 217410.08405235596 | DB5: 217331.1796803593 | DC5: 215643.76915874367 | DD5: 215094.8605911258 | DE5: 213280.7315726902 | DF5: 212028.6084037882 | DG5: 209803.53628402387 | DH5: 207754.1810872949 | DI5: 204982.37590730135 | DJ5: 201827.81991091397 | DK5: 199355.78995533288 | DL5: 196944.79327044493 | DM5: 195903.4720511235 | DN5: 194477.90970206496 | DO5: 193703.04894433115 | DP5: 192813.20691845473 | DQ5: 192151.88298559238 | DR5: 190654.57982033901 | DS5: 189025.97 | DT5: 187087.84101009765 | DU5: 186145.56523796593 | DV5: 185255.0694775954 | DW5: 185122.77534058839 | DX5: 184192.07424588114 | DY5: 184246.0714895171 | DZ5: 183419.30497805576 | EA5: 183327.6717701951 | EB5: 181164.93669604996 | EC5: 179327.64178499568 | ED5: 176761.7728757613 | EE5: 174755.1374523626 | EF5: 172124.1768531192 | EG5: 169516.6573921384 | EH5: 167113.59277691392 | EI5: 165110.59823883677 | EJ5: 163679.7889370091 | EK5: 162226.91155475483 | EL5: 161188.1865575389 | EM5: 159765.32330848044 | EN5: 158613.19919994764 | EO5: 157107.85700386172 | EP5: 155612.48001656643 | EQ5: 153489.8722611413 | ER5: 151723.34347204582 | ES5: 149645.72151326053 | ET5: 148106.2090002042 | EU5: 146437.89922727554 | EV5: 144985.5784902257 | EW5: 143554.7689451971 | EX5: 142471.80944984683 | EY5: 142028.69345098722 | EZ5: 141958.97840615062 | FA5: 141833.51318371124 | FB5: 141582.9212845617 | FC5: 141051.22446346402 | FD5: 140410.00569218394 | FE5: 139969.39541744205 | FF5: 140512.38831162636 | FG5: 141720.57177504097 | FH5: 143247.13245329328 | FI5: 145050.27683895908 | FJ5: 146652.84292446062 | FK5: 148690.18606991923 | FL5: 150156.0368358625 | FM5: 151914.22146999466 | FN5: 153674.6534763905 | FO5: 155945.21004579205 | FP5: 158023.7949777287 | FQ5: 159825.95715167208 | FR5: 161328.7660434025 | FS5: 163091.39688332917 | FT5: 165034.77565350183 | FU5: 166696.03490515988 | FV5: 167945.07852729067 | FW5: 168806.3757128752 | FX5: 169927.07925407254 | FY5: 171118.32004351346 | FZ5: 172260.12399803926 | GA5: 173260.56003915134 | GB5: 174151.3183352714 | GC5: 174935.44867412408 | GD5: 175518.37884764417 | GE5: 176020.5507068911 | GF5: 176834.4151719145 | GG5: 177462.61525710483 | GH5: 178303.94134620216 | GI5: 178820.9896650134 | GJ5: 179481.6413293997 | GK5: 179925.1645472337 | GL5: 180426.09291120296 | GM5: 181276.6298123603 | GN5: 182333.2482726639 | GO5: 183384.33073037988 | GP5: 184464.41668173517 | GQ5: 185546.22462519514 | GR5: 186404.72890885544 | GS5: 187352.75825610253 | GT5: 188342.0358813377 | GU5: 189430.4273562224 | GV5: 189823.0218087992 | GW5: 189838.03475610726 | GX5: 189909.5882392328 | GY5: 190418.77001032917 | GZ5: 191310.88874831432 | HA5: 192584.11285426156 | HB5: 193636.20772182939 | HC5: 194599.33638567408 | HD5: 195530.84194824533 | HE5: 196177.2286541455 | HF5: 196614.76241334467 | HG5: 196560.42453619733 | HH5: 196803.56831673055 | HI5: 197118.17442503935 | HJ5: 197802.62601215942 | HK5: 198620.54116148036 | HL5: 199620.7371630848 | HM5: 200634.76566037614 | HN5: 201665.40206442119 | HO5: 202607.27769722207 | HP5: 204051.94 | HQ5: 205377.64669284082 | HR5: 206373.87236097196 | HS5: 206259.50051352198 | HT5: 206273.20063456686 | HU5: 206333.50312177578 | HV5: 206669.32787945532 | HW5: 206630.1542747205 | HX5: 206570.56997049693 | HY5: 206776.68565462297 | HZ5: 207371.86251107717 | IA5: 208122.94196985595 | IB5: 208391.7958160589 | IC5: 208348.75002070834 | ID5: 208134.74440413286 | IE5: 207991.23816695708 | IF5: 207629.50688584952 | IG5: 207176.05 | IH5: 206499.8039565937 | II5: 206302.26882496887 | IJ5: 206447.5788830736 | IK5: 207237.9825336296 | IL5: 208190.36003974522 | IM5: 209216.38680100162 | IN5: 210034.45546505364 | IO5: 210468.28335795912 | IP5: 210110.30083600513 | IQ5: 209299.5197907509 | IR5: 208410.3855390353 | IS5: 208292.10962350585 | IT5: 209013.94826786415 | IU5: 210089.31070268468 | IV5: 211343.19491800133 | IW5: 212492.74163906943 | IX5: 213777.76371008833 | IY5: 215423.7160756878 | IZ5: 217180.07903119965 | JA5: 218619.40650910718 | JB5: 219903.06981951368 | JC5: 221402.34601183515 | JD5: 223265.3614155435 | JE5: 224595.20160288026 | JF5: 225114.9344047996 | JG5: 225311.78426110672 | JH5: 225839.11726002008 | JI5: 227124.33973048182 | JJ5: 228886.55569968963 | JK5: 231024.8734283927 | JL5: 233368.64830492952 | JM5: 235957.81087046396 | JN5: 237480.70420552176 | JO5: 238247.1419345104 | JP5: 237908.5655810266 | JQ5: 237345.7892354955 | JR5: 236654.0996350057 | JS5: 236221.45986318096 | JT5: 236192.26239356273 | JU5: 235916.7 | JV5: 235236.65211649108 | JW5: 234381.25838498445 | JX5: 234301.6753239842 | JY5: 235554.33095262863 | JZ5: 237717.08338900757 | KA5: 240135.08763177725 | KB5: 242482.9737256968 | KC5: 245209.20639339564 | KD5: 247800.80983197154 | KE5: 249744.22988814846 | KF5: 250898.4055805154 | KG5: 251280.61209623053 | KH5: 251185.3074810493 | KI5: 251691.44958996284 | KJ5: 252915.0926895208 | KK5: 254956.49083773248 | KL5: 256079.2054573159 | KM5: 256465.21739748112 | KN5: 256661.41945181857 | KO5: 257352.73904030418 | KP5: 257999.54842499617 | KQ5: 258537.78003571462 | KR5: 258738.82731337115 | KS5: 259318.9255128829 | KT5: 260397.79935037062 | KU5: 261562.73448179438 | KV5: 262424.70683549374 | KW5: 262176.37319588714 | KX5: 261746.67571184042 | KY5: 261420.54587217394 | KZ5: 261493.35823683706 | LA5: 261822.0518069399 | LB5: 262608.0321471847
A6: 394514 | B6: 4 | C6: Dallas, TX | D6: msa | E6: TX | F6: 86334.67203710743 | G6: 86369.26446992467 | H6: 86293.09921851214 | I6: 86232.53310201652 | J6: 86314.02531567986 | K6: 86390.85592399309 | L6: 86584.60434873994 | M6: 86751.44514172433 | N6: 86911.07349058468 | O6: 87004.431 | P6: 86955.433 | Q6: 87261.94292700574 | R6: 87570.213 | S6: 87402.27155500643 | T6: 87121.93079113196 | U6: 87052.27826075931 | V6: 87423.40157258972 | W6: 87405.76023584965 | X6: 87288.01228668737 | Y6: 87263.35199255297 | Z6: 87575.79600526538 | AA6: 87891.42794533119 | AB6: 88200.97010149964 | AC6: 88241.93338213321 | AD6: 88008.41745373876 | AE6: 87915.94770953529 | AF6: 87804.46251049063 | AG6: 87781.36257076236 | AH6: 87595.87350192723 | AI6: 87820.54090836283 | AJ6: 88015.011 | AK6: 88250.11 | AL6: 88439.07473792533 | AM6: 88805.68207775622 | AN6: 89189.47869053745 | AO6: 89370.77827544262 | AP6: 89450.10218900953 | AQ6: 89620.75901686866 | AR6: 90077.03295302509 | AS6: 90293.38585062574 | AT6: 90186.409 | AU6: 89946.00394384853 | AV6: 89714.464 | AW6: 89712.89973713054 | AX6: 89838.33505058989 | AY6: 90284.60416986035 | AZ6: 90940.66909167175 | BA6: 91214.30053494374 | BB6: 92066.17497814602 | BC6: 93083.89131686666 | BD6: 94844.57694555877 | BE6: 96146.86481028078 | BF6: 97021.204 | BG6: 97326.51858666229 | BH6: 97243.39542699807 | BI6: 97383.05284022978 | BJ6: 97528.28823641439 | BK6: 97610.77560056995 | BL6: 97418.25733724893 | BM6: 97185.26775540599 | BN6: 97575.03984846857 | BO6: 97683.02262278575 | BP6: 97949.92517251305 | BQ6: 97756.12497823061 | BR6: 98113.211 | BS6: 98295.532 | BT6: 98577.76006504548 | BU6: 98623.667 | BV6: 98867.52848822763 | BW6: 98785.97007329378 | BX6: 98742.83544663685 | BY6: 98503.02308071416 | BZ6: 98452.56603590875 | CA6: 98710.09677522676 | CB6: 98952.60609179632 | CC6: 99378.98216798755 | CD6: 99815.45443614719 | CE6: 100150.45832616113 | CF6: 100122.63721974682 | CG6: 99853.655 | CH6: 99991.19128155004 | CI6: 100503.69706887218 | CJ6: 100759.2684179261 | CK6: 100858.20597623526 | CL6: 100544.87736379798 | CM6: 100117.48929504344 | CN6: 99590.02678580744 | CO6: 99806.06150076546 | CP6: 100583.01390946587 | CQ6: 101224.89370744496 | CR6: 101740.54367523028 | CS6: 101994.3230121805 | CT6: 102411.23523720924 | CU6: 102414.13043044384 | CV6: 102698.67916431771 | CW6: 102899.28073054447 | CX6: 102812.09956020175 | CY6: 102071.4547528897 | CZ6: 101257.12078219751 | DA6: 100715.27415137699 | DB6: 100392.12686182243 | DC6: 100194.55452885879 | DD6: 100231.87570339616 | DE6: 100110.14604861192 | DF6: 99640.55378556618 | DG6: 98703.70139961071 | DH6: 97304.07064868859 | DI6: 96306.489 | DJ6: 95354.55812203554 | DK6: 95302.13609163884 | DL6: 95202.72762421689 | DM6: 95597.82478726724 | DN6: 95984.17172779492 | DO6: 96332.31 | DP6: 96476.56771290144 | DQ6: 96168.69504524059 | DR6: 95909.324 | DS6: 95629.72470581524 | DT6: 95773.73727106892 | DU6: 95927.17193929236 | DV6: 95820.57275888021 | DW6: 95528.162 | DX6: 94971.52549697911 | DY6: 94665.30750566714 | DZ6: 94246.50969501618 | EA6: 94009.55796857609 | EB6: 93502.374 | EC6: 92970.77333598089 | ED6: 92183.75056695343 | EE6: 91526.74749633142 | EF6: 90837.70056148405 | EG6: 90416.19336231839 | EH6: 89947.28192830848 | EI6: 89465.32724357965 | EJ6: 88771.784 | EK6: 88098.24640192784 | EL6: 87345.74701256512 | EM6: 86748.36578898363 | EN6: 86337.46358869565 | EO6: 86179.28491519934 | EP6: 86129.44470994233 | EQ6: 86041.32505178521 | ER6: 85911.90376935237 | ES6: 85676.18375644431 | ET6: 85330.48028021558 | EU6: 85295.34930901472 | EV6: 85427.05678488362 | EW6: 85755.18619319233 | EX6: 86105.96170736676 | EY6: 86782.14352698052 | EZ6: 87816.52092164899 | FA6: 88556.77874279713 | FB6: 89052.27289932128 | FC6: 89268.62850381667 | FD6: 89632.86214184544 | FE6: 90121.24881246826 | FF6: 90928.68739476125 | FG6: 92015.51236644282 | FH6: 92917.601 | FI6: 93547.38935193756 | FJ6: 94189.74573249249 | FK6: 95179.63040125823 | FL6: 96145.21243609725 | FM6: 96708.47415263846 | FN6: 96894.69772363798 | FO6: 97215.39965200501 | FP6: 97786.353 | FQ6: 98540.64662827073 | FR6: 99525.60512144626 | FS6: 100543.43495183025 | FT6: 101514.00808901332 | FU6: 102214.20822764833 | FV6: 102978.44735263323 | FW6: 103935.92511260622 | FX6: 105178.4527495666 | FY6: 106117.49165900885 | FZ6: 106765.04744646157 | GA6: 107074.86547475804 | GB6: 107711.73538416997 | GC6: 108530.48282191918 | GD6: 109493.65472210884 | GE6: 110532.48399001507 | GF6: 111571.4650133485 | GG6: 112492.96423682933 | GH6: 113389.6615068885 | GI6: 114425.52988935965 | GJ6: 115810.75553622755 | GK6: 117249.43125390164 | GL6: 118814.04603103151 | GM6: 120334.89044986381 | GN6: 121966.01952268406 | GO6: 123534.62450096507 | GP6: 125298.94604097698 | GQ6: 127041.30278705922 | GR6: 128667.17870174283 | GS6: 130298.84447692304 | GT6: 131833.7983078013 | GU6: 133515.98088532255 | GV6: 134779.67526921668 | GW6: 135856.97308270782 | GX6: 136981.76059760078 | GY6: 138316.47038736512 | GZ6: 140285.83462718627 | HA6: 142163.14801851613 | HB6: 144024.2825818834 | HC6: 145439.48165759433 | HD6: 146803.69250878345 | HE6: 148328.96815057987 | HF6: 149764.04573205914 | HG6: 151188.34457408587 | HH6: 152625.66165355718 | HI6: 154033.90914669007 | HJ6: 155507.04529164967 | HK6: 156897.28561774248 | HL6: 158395.00091398685 | HM6: 159901.2842554175 | HN6: 161340.48783563828 | HO6: 162751.18017010237 | HP6: 164391.4756913785 | HQ6: 165860.0549812153 | HR6: 167178.03104185534 | HS6: 167748.1416813106 | HT6: 168469.7071376807 | HU6: 169132.63981490376 | HV6: 170097.03761533226 | HW6: 170711.60905527085 | HX6: 171358.44 | HY6: 172113.56327442476 | HZ6: 172994.55156771038 | IA6: 173666.96217682443 | IB6: 173981.9488630362 | IC6: 173804.4241889032 | ID6: 173651.8066811063 | IE6: 173654.30606456613 | IF6: 173963.35531009454 | IG6: 174236.58212835467 | IH6: 174518.95849786283 | II6: 174889.84441404618 | IJ6: 175590.29021641833 | IK6: 176470.35484484257 | IL6: 177769.1997774799 | IM6: 179006.24274395275 | IN6: 179949.35347653864 | IO6: 180204.66594638862 | IP6: 179832.8605173484 | IQ6: 179216.6083744961 | IR6: 178954.94943649878 | IS6: 179288.38907211518 | IT6: 180213.19366334667 | IU6: 181282.04764384986 | IV6: 182730.53520150937 | IW6: 184247.40590916722 | IX6: 185752.4 | IY6: 187140.6092887695 | IZ6: 188723.29142458344 | JA6: 190663.3736465108 | JB6: 193042.52405393225 | JC6: 195620.35457844133 | JD6: 197896.16074939878 | JE6: 199717.19382308473 | JF6: 201184.30192595627 | JG6: 202763.41552362885 | JH6: 204652.44226623338 | JI6: 207030.70958008288 | JJ6: 210569.03916820104 | JK6: 214749.72267235597 | JL6: 219287.21119182793 | JM6: 224089.7295954269 | JN6: 229128.59983890897 | JO6: 233859.23921067882 | JP6: 236976.1809307574 | JQ6: 238275.46406327435 | JR6: 238477.34255282985 | JS6: 238785.33223151206 | JT6: 239117.33078652932 | JU6: 239130.00672904958 | JV6: 238473.00964150575 | JW6: 237467.55541394558 | JX6: 236789.68640639447 | JY6: 236380.5249625837 | JZ6: 236511.78726227744 | KA6: 237055.73097994915 | KB6: 237913.4009916728 | KC6: 239263.19976625402 | KD6: 240429.98574031857 | KE6: 241129.02192589702 | KF6: 241044.08699245515 | KG6: 240043.50054810135 | KH6: 239319.04952531797 | KI6: 239228.8745718595 | KJ6: 240112.84846351753 | KK6: 240831.82762541343 | KL6: 240576.20515262886 | KM6: 239467.5153695835 | KN6: 237720.74169921246 | KO6: 236107.9728359084 | KP6: 234790.49431432955 | KQ6: 233850.70133584845 | KR6: 232535.3680162338 | KS6: 231045.9564396327 | KT6: 229588.6507135829 | KU6: 228601.8473010297 | KV6: 227469.34732710672 | KW6: 226158.49346709764 | KX6: 224424.61349048678 | KY6: 222574.59827727397 | KZ6: 220802.01933517432 | LA6: 219743.92811618652 | LB6: 219085.3908770712
A7: 394692 | B7: 5 | C7: Houston, TX | D7: msa | E7: TX | F7: 79319.85222825693 | G7: 79447.07117488523 | H7: 79612.52696035626 | I7: 79625.35736980497 | J7: 79585.428 | K7: 79471.86273293519 | L7: 79864.43879324854 | M7: 79960.38291382282 | N7: 79998.56630776891 | O7: 79608.13887786216 | P7: 79859.53199789806 | Q7: 79952.63922154492 | R7: 80000.82481457328 | S7: 79820.48427375813 | T7: 79575.55036697947 | U7: 79508.077 | V7: 79289.37031411022 | W7: 79341.12218531819 | X7: 79303.78946461284 | Y7: 79195.313 | Z7: 79022.04678094204 | AA7: 79025.87438045883 | AB7: 78890.18805102292 | AC7: 78964.56956497011 | AD7: 78866.65675814675 | AE7: 78993.34253495112 | AF7: 78970.30379215466 | AG7: 79364.92510542586 | AH7: 79880.646 | AI7: 80369.705 | AJ7: 80847.13241611635 | AK7: 81193.68545239703 | AL7: 81369.65415503403 | AM7: 81143.31953690897 | AN7: 81178.28986472775 | AO7: 81269.00256017332 | AP7: 81656.81547588382 | AQ7: 81674.21491321694 | AR7: 81915.09509515342 | AS7: 81741.56748835224 | AT7: 81549.62345440358 | AU7: 81369.601 | AV7: 81098.29216339711 | AW7: 81301.756 | AX7: 81183.27943737732 | AY7: 81061.02692003771 | AZ7: 80599.52867328597 | BA7: 80640.53617748764 | BB7: 80929.27309092815 | BC7: 81340.78909989726 | BD7: 82298.974 | BE7: 83110.38097730842 | BF7: 84193.19320013358 | BG7: 84298.96720236102 | BH7: 84546.58437096946 | BI7: 84496.93399661944 | BJ7: 84670.96154600826 | BK7: 85014.63278772523 | BL7: 85048.43 | BM7: 85168.22525946899 | BN7: 85334.73673791031 | BO7: 85730.53127104774 | BP7: 86021.17822521446 | BQ7: 86231.18884672523 | BR7: 86438.05855153235 | BS7: 86344.69804372963 | BT7: 86276.50964736364 | BU7: 86235.53476872729 | BV7: 86491.20347285084 | BW7: 86472.477 | BX7: 86565.21374628192 | BY7: 86844.90285027558 | BZ7: 87361.01325407805 | CA7: 87493.82988291544 | CB7: 87331.67127062523 | CC7: 87233.83837005358 | CD7: 87663.14824923097 | CE7: 87944.72874871298 | CF7: 88219.56304163249 | CG7: 88051.04457565812 | CH7: 88413.12250708177 | CI7: 88557.77661185166 | CJ7: 89060.89617902231 | CK7: 89078.60535934666 | CL7: 89254.861 | CM7: 88864.24952586967 | CN7: 88687.09370647056 | CO7: 88834.38410496461 | CP7: 89192.674 | CQ7: 89287.838 | CR7: 89015.39003294906 | CS7: 88793.387 | CT7: 89003.58840345881 | CU7: 89142.24172422824 | CV7: 89358.08081028222 | CW7: 89166.09101820028 | CX7: 88720.92718881155 | CY7: 88182.51101117679 | CZ7: 87687.75152438333 | DA7: 87399.61201731313 | DB7: 87150.53399946241 | DC7: 87059.70689058422 | DD7: 86906.986 | DE7: 86670.463 | DF7: 86307.454 | DG7: 86013.86168526493 | DH7: 85465.51062386316 | DI7: 84863.40976104827 | DJ7: 84167.63614042754 | DK7: 83940.45183235622 | DL7: 83734.93290487785 | DM7: 83713.04409678627 | DN7: 83679.92666871274 | DO7: 83828.01457943453 | DP7: 83955.85577361095 | DQ7: 83911.54997803416 | DR7: 83772.07584576626 | DS7: 83562.333 | DT7: 83510.37283746955 | DU7: 83495.97022813807 | DV7: 83333.03738482333 | DW7: 83170.04189939609 | DX7: 82953.19257449482 | DY7: 82854.95466082527 | DZ7: 82705.60603699357 | EA7: 82443.60878995429 | EB7: 81922.005 | EC7: 81143.44730887686 | ED7: 80422.35484429811 | EE7: 79889.797 | EF7: 79436.58789916629 | EG7: 78987.96461278961 | EH7: 78431.732 | EI7: 77975.69847219806 | EJ7: 77394.40152510256 | EK7: 77065.01661701991 | EL7: 76854.81265433914 | EM7: 76905.33571691082 | EN7: 76986.54774441007 | EO7: 77172.39701486808 | EP7: 77299.27446141162 | EQ7: 77382.357 | ER7: 77100.31023092671 | ES7: 76853.72369763453 | ET7: 76634.127 | EU7: 76724.89570393169 | EV7: 76839.03611230885 | EW7: 76989.54751565016 | EX7: 77092.63616087666 | EY7: 77358.97270912895 | EZ7: 77763.89019185388 | FA7: 78112.868 | FB7: 78249.03 | FC7: 78288.62580174518 | FD7: 78320.81256584097 | FE7: 78392.10101027554 | FF7: 78591.60838341605 | FG7: 79030.68554231284 | FH7: 79583.55892941331 | FI7: 80097.61575909087 | FJ7: 80745.66023487726 | FK7: 81672.39535674962 | FL7: 82559.30815735948 | FM7: 83405.06896194995 | FN7: 83914.25490635667 | FO7: 84606.49471646304 | FP7: 85195.57989300751 | FQ7: 86049.53829632608 | FR7: 86939.995 | FS7: 87890.814 | FT7: 88789.74213598603 | FU7: 89725.94402954662 | FV7: 90793.97096260918 | FW7: 91978.04200771365 | FX7: 93382.24589567252 | FY7: 94824.60909745307 | FZ7: 95954.516 | GA7: 96872.91940557228 | GB7: 97807.81338536895 | GC7: 99030.18403603655 | GD7: 100236.2631161856 | GE7: 101436.4701590265 | GF7: 102595.3009297602 | GG7: 103681.6973634759 | GH7: 104626.40360036753 | GI7: 105431.5915631031 | GJ7: 106158.5946105836 | GK7: 106931.55685091286 | GL7: 107596.40282098159 | GM7: 108248.93385910668 | GN7: 108789.95094934564 | GO7: 109446.23021460207 | GP7: 110144.63891875748 | GQ7: 110772.24634647199 | GR7: 111139.61564323814 | GS7: 111518.21811306679 | GT7: 111821.2730141071 | GU7: 112252.62211544473 | GV7: 112402.72449789617 | GW7: 112598.26569941454 | GX7: 112905.95308577456 | GY7: 113383.05956998299 | GZ7: 113974.86373159844 | HA7: 114481.08470141859 | HB7: 114983.98259234855 | HC7: 115381.4213139668 | HD7: 115758.36364037788 | HE7: 116154.56751691907 | HF7: 116348.11724381329 | HG7: 116526.42576121911 | HH7: 116660.87846269377 | HI7: 116860.68336452328 | HJ7: 117065.12526110234 | HK7: 117401.59067659303 | HL7: 117836.83124824135 | HM7: 118248.8048661942 | HN7: 118498.86979317664 | HO7: 118787.14165793873 | HP7: 119281.77745119273 | HQ7: 119693.41998983204 | HR7: 119996.67356420551 | HS7: 120119.30738279637 | HT7: 120490.5149886236 | HU7: 120869.99 | HV7: 121254.12924296287 | HW7: 121571.76744767222 | HX7: 121935.38990225764 | HY7: 122521.43974119499 | HZ7: 123141.31056029255 | IA7: 123743.20706928913 | IB7: 124017.17258395332 | IC7: 123948.47943915775 | ID7: 123819.35914984027 | IE7: 123696.02254030162 | IF7: 123585.99588160998 | IG7: 123389.09969841196 | IH7: 123232.15977477613 | II7: 123301.7898858112 | IJ7: 123677.29833906311 | IK7: 124178.96575219529 | IL7: 124806.81374925662 | IM7: 125376.75042506635 | IN7: 125967.21230788808 | IO7: 126367.91108449169 | IP7: 126444.32009478121 | IQ7: 126191.02083166999 | IR7: 125813.11264695227 | IS7: 125823.71455565479 | IT7: 126295.31370572651 | IU7: 127129.76297265205 | IV7: 128188.73767771297 | IW7: 129187.78071647295 | IX7: 130078.3077122072 | IY7: 130836.2941872105 | IZ7: 131806.6351549226 | JA7: 133050.13557860954 | JB7: 134623.6853301714 | JC7: 136418.78738915687 | JD7: 138054.36851053324 | JE7: 139422.86435950038 | JF7: 140529.7885831646 | JG7: 141751.52798767065 | JH7: 143070.45043021571 | JI7: 144575.23660324168 | JJ7: 146491.08720689255 | JK7: 148528.2433583781 | JL7: 150653.94780567524 | JM7: 152708.32748776363 | JN7: 154775.28043286654 | JO7: 156874.83381791995 | JP7: 158494.49585820697 | JQ7: 159578.1925968822 | JR7: 160238.40093638888 | JS7: 160932.49324782702 | JT7: 161776.42710809654 | JU7: 162416.64003004844 | JV7: 162836.60248587411 | JW7: 163015.3818327913 | JX7: 163304.4164636902 | JY7: 163652.04379680654 | JZ7: 164177.29632026484 | KA7: 164716.62306636103 | KB7: 165149.70121975694 | KC7: 165559.38132195573 | KD7: 165667.61368522668 | KE7: 165513.32200879103 | KF7: 165217.53530397496 | KG7: 164618.33540674942 | KH7: 164156.68278245858 | KI7: 163643.1091285358 | KJ7: 163581.25602831013 | KK7: 163616.9799177861 | KL7: 163434.74717831673 | KM7: 162845.2044674578 | KN7: 161914.5980091701 | KO7: 160950.0763364512 | KP7: 159995.5927132376 | KQ7: 159104.76047044154 | KR7: 158214.20012763303 | KS7: 157392.04183600858 | KT7: 156580.3899409843 | KU7: 155738.91721994287 | KV7: 154742.39860019577 | KW7: 153843.01703077284 | KX7: 152956.7625002521 | KY7: 152125.1477779036 | KZ7: 151177.5710368716 | LA7: 150395.34260177618 | LB7: 149608.88939365247
A8: 395209 | B8: 6 | C8: Washington, DC | D8: msa | E8: VA | F8: 122659.26228364315 | G8: 122682.23924869635 | H8: 122876.99605602103 | I8: 123302.57592994999 | J8: 123952.70099593503 | K8: 124656.00851764617 | L8: 125547.70082632887 | M8: 126655.12125054588 | N8: 127870.1211841083 | O8: 129058.79324086937 | P8: 130149.66036934056 | Q8: 131398.65035082737 | R8: 132531.98921745134 | S8: 133570.67893104776 | T8: 134569.5844624081 | U8: 135864.45226393096 | V8: 137462.9897398588 | W8: 139166.91084772858 | X8: 140958.86470753327 | Y8: 142750.92186811054 | Z8: 144562.4307012432 | AA8: 146281.04830604166 | AB8: 148017.97615805187 | AC8: 149732.60459265418 | AD8: 151261.21481520563 | AE8: 152638.51908887477 | AF8: 154019.51150264204 | AG8: 155723.13957993407 | AH8: 157734.14411423562 | AI8: 160020.49339437767 | AJ8: 162554.44816598084 | AK8: 165206.48999009797 | AL8: 167811.03590930687 | AM8: 170244.42630567032 | AN8: 172568.06444409615 | AO8: 174784.8614054932 | AP8: 176660.96508371932 | AQ8: 178662.87639786807 | AR8: 180703.5561806207 | AS8: 183124.22099681883 | AT8: 185574.94516011552 | AU8: 188230.6168905463 | AV8: 190924.1681569851 | AW8: 193598.10689066214 | AX8: 196333.34472305325 | AY8: 199105.64006862743 | AZ8: 201766.46116301688 | BA8: 204303.54101963027 | BB8: 206601.3695864665 | BC8: 209088.11030320008 | BD8: 211792.82126016764 | BE8: 215156.7838132803 | BF8: 219076.3485256848 | BG8: 223539.15218807754 | BH8: 228637.10136722683 | BI8: 233858.8019260443 | BJ8: 239319.19693291662 | BK8: 244092.8549192392 | BL8: 248440.54 | BM8: 252392.06393623192 | BN8: 256439.30129345445 | BO8: 260453.01498925398 | BP8: 264782.6374735877 | BQ8: 269939.3196446407 | BR8: 275859.9965490838 | BS8: 281819.8772689699 | BT8: 287395.0597054682 | BU8: 292339.9863273511 | BV8: 296912.58211440523 | BW8: 300914.9822022419 | BX8: 304231.91149254463 | BY8: 307083.3796768804 | BZ8: 309434.9228434003 | CA8: 311724.8287667225 | CB8: 314135.03853914584 | CC8: 316177.13613706705 | CD8: 317454.1906234958 | CE8: 317751.8333966711 | CF8: 317457.6304809498 | CG8: 316677.21038992103 | CH8: 314958.60328463966 | CI8: 312734.31594076584 | CJ8: 310756.8286564798 | CK8: 309475.72799504554 | CL8: 308594.59736960655 | CM8: 307997.7163397718 | CN8: 307369.2396746629 | CO8: 307185.4236826832 | CP8: 306842.4322918354 | CQ8: 305872.4837920054 | CR8: 304315.6729791146 | CS8: 302435.2851837315 | CT8: 300823.13580440526 | CU8: 298920.68815253465 | CV8: 296871.4419427022 | CW8: 294559.7605684975 | CX8: 292543.41419621796 | CY8: 290249.85060762055 | CZ8: 287645.79846563307 | DA8: 284612.28176812513 | DB8: 281229.4210094709 | DC8: 277404.12480906845 | DD8: 273456.6316346251 | DE8: 269671.4595543676 | DF8: 266216.6405965185 | DG8: 262962.48 | DH8: 260099.68708481974 | DI8: 257552.8530424669 | DJ8: 254665.8225458099 | DK8: 251787.88356320202 | DL8: 248964.3096945157 | DM8: 246842.4142453767 | DN8: 245363.32902741767 | DO8: 244367.66736282743 | DP8: 243032.7760432399 | DQ8: 241447.61413476805 | DR8: 239731.84630760908 | DS8: 238571.33671914448 | DT8: 237936.86853882743 | DU8: 237867.11872436618 | DV8: 238526.6201451622 | DW8: 239123.13612461183 | DX8: 239907.29502295275 | DY8: 240609.5363533738 | DZ8: 241374.72823299188 | EA8: 241570.8064793007 | EB8: 240977.26208923318 | EC8: 239928.02224716148 | ED8: 238609.79077794147 | EE8: 237265.2104737391 | EF8: 235965.64086330912 | EG8: 235293.82807704379 | EH8: 235172.05606459896 | EI8: 235741.87432487457 | EJ8: 235826.47949321065 | EK8: 235463.61807631794 | EL8: 234378.56855943214 | EM8: 233352.73638134703 | EN8: 232103.39752092733 | EO8: 230798.98638353497 | EP8: 229511.41656404888 | EQ8: 228576.59814217707 | ER8: 228233.54351911496 | ES8: 227844.89659992457 | ET8: 227587.40852456095 | EU8: 227451.01402365114 | EV8: 227960.50345146586 | EW8: 228826.52710527423 | EX8: 229567.0072416989 | EY8: 230578.08685331067 | EZ8: 231533.0105388459 | FA8: 232733.16026439017 | FB8: 233963.35210398145 | FC8: 235417.41208039838 | FD8: 236830.92222079812 | FE8: 237982.35519270893 | FF8: 239390.90616078195 | FG8: 241327.45 | FH8: 243334.85836109213 | FI8: 245091.08608791523 | FJ8: 246658.59294708364 | FK8: 248336.46917085003 | FL8: 249772.58919860973 | FM8: 251062.4039603828 | FN8: 252371.07545587336 | FO8: 253976.29 | FP8: 255515.96049892265 | FQ8: 256798.9761474002 | FR8: 257684.24368252754 | FS8: 258626.31 | FT8: 259720.65 | FU8: 260910.7431723342 | FV8: 261773.86492841432 | FW8: 262158.69495919836 | FX8: 262209.8194907565 | FY8: 262041.33 | FZ8: 262014.31803745838 | GA8: 262002.63418836333 | GB8: 262110.78103479455 | GC8: 262221.84931087954 | GD8: 262331.65851793316 | GE8: 262378.19 | GF8: 262492.47249758797 | GG8: 262429.7896843912 | GH8: 262241.4709229464 | GI8: 261869.5417173888 | GJ8: 261717.22858425358 | GK8: 261854.29382733573 | GL8: 261955.40858131726 | GM8: 262358.79915712756 | GN8: 262794.3608640069 | GO8: 263360.4546729268 | GP8: 263857.59673298936 | GQ8: 264106.66238567483 | GR8: 264173.9817158784 | GS8: 264022.1078239659 | GT8: 263825.2140466668 | GU8: 263788.54566861497 | GV8: 263443.74676952214 | GW8: 263161.00954433595 | GX8: 263193.8965023328 | GY8: 263871.07942971983 | GZ8: 264968.05134985404 | HA8: 265973.9538182772 | HB8: 266815.94944802456 | HC8: 267644.3121627329 | HD8: 268262.1634467957 | HE8: 268915.3680907684 | HF8: 269102.02114557393 | HG8: 269387.6396307571 | HH8: 269689.6369192644 | HI8: 270252.04722487275 | HJ8: 270931.7061477644 | HK8: 271929.35 | HL8: 272919.2244730561 | HM8: 274063.52636785613 | HN8: 274866.54 | HO8: 275617.44367529213 | HP8: 276304.0138185853 | HQ8: 276843.5057951196 | HR8: 277452.0323823824 | HS8: 277599.0103168613 | HT8: 278452.3627547827 | HU8: 279230.39893578115 | HV8: 280398.18973515386 | HW8: 281218.7599676856 | HX8: 282187.9615840308 | HY8: 283300.32279585395 | HZ8: 284404.31340541336 | IA8: 285608.96449453896 | IB8: 286829.3139509861 | IC8: 288080.60376005206 | ID8: 289072.16119346267 | IE8: 289799.9126525002 | IF8: 290427.0009424644 | IG8: 291209.8666915146 | IH8: 292057.37001552695 | II8: 293100.8751754485 | IJ8: 294508.3528139935 | IK8: 296426.3711734143 | IL8: 298884.1433070561 | IM8: 301389.16673904244 | IN8: 303906.96601641964 | IO8: 305839.1569130932 | IP8: 306740.5508983632 | IQ8: 306735.43816853425 | IR8: 306564.54 | IS8: 307195.8443882063 | IT8: 308750.6430072792 | IU8: 310866.75839948707 | IV8: 313379.8814494772 | IW8: 315750.2190632611 | IX8: 317568.7653530497 | IY8: 318871.7310367421 | IZ8: 320315.8283859093 | JA8: 322168.8098756437 | JB8: 324491.55652490054 | JC8: 326543.2272645868 | JD8: 327908.9653582473 | JE8: 328706.9022572274 | JF8: 328863.09 | JG8: 329175.2179012893 | JH8: 329682.6116420187 | JI8: 330774.3939465024 | JJ8: 331998.0652021233 | JK8: 333350.6172772737 | JL8: 335328.48023421346 | JM8: 337872.0767406924 | JN8: 340337.39362881175 | JO8: 342122.0220765295 | JP8: 342596.4123825796 | JQ8: 342052.45971024735 | JR8: 340835.50181016815 | JS8: 340340.0238628507 | JT8: 340356.45807194454 | JU8: 340475.6261925753 | JV8: 339871.1212221398 | JW8: 339370.6341461174 | JX8: 339116.6011087027 | JY8: 340215.0683442622 | JZ8: 342208.25508202164 | KA8: 345103.3635179198 | KB8: 347915.15 | KC8: 350387.7306830597 | KD8: 352493.1173930334 | KE8: 353713.7547609921 | KF8: 354386.87163478887 | KG8: 353970.6234242064 | KH8: 353839.5944832091 | KI8: 354152.83457801834 | KJ8: 355645.77003514953 | KK8: 357265.8187532352 | KL8: 358389.11422734056 | KM8: 358510.69514168036 | KN8: 358419.1717501722 | KO8: 358426.2274036209 | KP8: 358916.7215295324 | KQ8: 359701.92417270987 | KR8: 360407.8579359033 | KS8: 361574.0974927484 | KT8: 362715.92705694045 | KU8: 363751.28061904124 | KV8: 363731.47302346263 | KW8: 363168.2146503101 | KX8: 362146.7906397113 | KY8: 361199.7564518998 | KZ8: 360174.3126938135 | LA8: 359490.4122809155 | LB8: 359124.25496100937
A9: 394974 | B9: 7 | C9: Philadelphia, PA | D9: msa | E9: PA | F9: 92716.61119513978 | G9: 92972.85122243449 | H9: 93114.85438196668 | I9: 93482.76571665698 | J9: 93861.827 | K9: 94350.48174847323 | L9: 94893.33178655675 | M9: 95435.24789681402 | N9: 96033.33877830092 | O9: 96633.673 | P9: 97202.70157797627 | Q9: 97703.78287973981 | R9: 98151.60772995098 | S9: 98622.701 | T9: 99165.92684427313 | U9: 99785.501 | V9: 100409.2432466423 | W9: 101043.91105753182 | X9: 101770.98281101213 | Y9: 102615.61 | Z9: 103532.71122047301 | AA9: 104412.5135473751 | AB9: 105275.07201522362 | AC9: 106021.7364314199 | AD9: 106733.62087097298 | AE9: 107410.31775657555 | AF9: 108181.45214481173 | AG9: 109045.23380133207 | AH9: 109984.80161050071 | AI9: 111020.93659485788 | AJ9: 112171.27017412601 | AK9: 113496.29041960103 | AL9: 114982.85976768949 | AM9: 116497.05433442544 | AN9: 117909.72493807013 | AO9: 119261.83832567233 | AP9: 120541.15406733095 | AQ9: 121803.0575985959 | AR9: 123005.0418118629 | AS9: 124271.73088062844 | AT9: 125653.64335372396 | AU9: 127191.12466345128 | AV9: 128864.7 | AW9: 130652.50677139184 | AX9: 132430.93482324493 | AY9: 134127.27412119598 | AZ9: 135678.8832157849 | BA9: 137083.0813934492 | BB9: 138374.45198903023 | BC9: 139625.60163027444 | BD9: 140893.41130007542 | BE9: 142267.48818973894 | BF9: 143832.17454205954 | BG9: 145653.57401426966 | BH9: 147738.31 | BI9: 150008.27427192518 | BJ9: 152122.56096833627 | BK9: 153904.01184393442 | BL9: 155453.71 | BM9: 157120.2715271865 | BN9: 158952.6646105954 | BO9: 160567.82854828585 | BP9: 162067.5727221582 | BQ9: 163583.19951159958 | BR9: 165532.86968816599 | BS9: 167753.45334908212 | BT9: 170198.69 | BU9: 172597.46841640794 | BV9: 174853.9653389289 | BW9: 176997.11371347646 | BX9: 178952.4257956208 | BY9: 180727.52103230287 | BZ9: 182079.32327121202 | CA9: 183272.33232696183 | CB9: 184427.17849900745 | CC9: 185771.78217720278 | CD9: 187178.86856992473 | CE9: 188566.02041641655 | CF9: 189813.8001013424 | CG9: 190771.59390745463 | CH9: 191416.98353620936 | CI9: 191740.47589216262 | CJ9: 191803.42500837892 | CK9: 191751.71680383888 | CL9: 191706.2329939355 | CM9: 191764.00970150318 | CN9: 192075.01274448796 | CO9: 192374.79620403537 | CP9: 192847.30372327348 | CQ9: 193091.17547582602 | CR9: 193280.63881026502 | CS9: 193083.95096354422 | CT9: 192697.9752492717 | CU9: 192378.30631295478 | CV9: 192165.12937148943 | CW9: 191907.04250844647 | CX9: 191362.76456094463 | CY9: 191045.9126236737 | CZ9: 190819.91744079455 | DA9: 190874.26950051924 | DB9: 190488.20290985215 | DC9: 189865.0093089398 | DD9: 188816.40476558855 | DE9: 187699.08768988177 | DF9: 186496.12553624428 | DG9: 185337.02225035976 | DH9: 184221.84891443863 | DI9: 183095.06154583266 | DJ9: 182078.55725139007 | DK9: 181309.1019405144 | DL9: 181065.51713381466 | DM9: 180877.1796362905 | DN9: 180639.0663358265 | DO9: 180057.59934210032 | DP9: 179274.67576756436 | DQ9: 178437.9539059489 | DR9: 177662.35916580784 | DS9: 177224.80771873394 | DT9: 177131.00035748436 | DU9: 177273.26526418622 | DV9: 177548.19545650188 | DW9: 177809.0367844908 | DX9: 177892.1974474803 | DY9: 177938.74197592796 | DZ9: 177811.99146064537 | EA9: 177716.0749224754 | EB9: 177305.56 | EC9: 176529.62161747736 | ED9: 175256.19 | EE9: 173759.2171829195 | EF9: 172232.85795124344 | EG9: 170802.5683145753 | EH9: 169620.5328816909 | EI9: 168735.00192869044 | EJ9: 168186.41308705235 | EK9: 167533.4182658992 | EL9: 166609.21139261892 | EM9: 165477.08523720162 | EN9: 164273.98 | EO9: 163344.70312203362 | EP9: 162505.4170245375 | EQ9: 161940.14978501727 | ER9: 161380.8986673267 | ES9: 160956.0279882639 | ET9: 160491.09880436203 | EU9: 160056.01687930894 | EV9: 159862.44852900488 | EW9: 159883.7848850862 | EX9: 159880.62226142458 | EY9: 159787.34952775223 | EZ9: 159528.20216626325 | FA9: 159161.05807950054 | FB9: 158687.41366200932 | FC9: 158057.39292320894 | FD9: 157489.93248040028 | FE9: 157189.8627945917 | FF9: 157373.41698081206 | FG9: 157888.9539583923 | FH9: 158480.5955658829 | FI9: 159086.93982555883 | FJ9: 159699.08629819492 | FK9: 160213.43131565777 | FL9: 160309.68366291065 | FM9: 160236.73768650627 | FN9: 160335.29558784384 | FO9: 160750.10602166748 | FP9: 161235.51759726525 | FQ9: 161601.94811682726 | FR9: 161997.7892136838 | FS9: 162390.46063678162 | FT9: 162761.74211395686 | FU9: 163206.9842352149 | FV9: 163841.01535373717 | FW9: 164293.36519225207 | FX9: 164670.97242962036 | FY9: 164747.52 | FZ9: 164674.58407151126 | GA9: 164367.05429878636 | GB9: 164112.92645355602 | GC9: 164293.15549960535 | GD9: 164506.74444674005 | GE9: 164721.33330524212 | GF9: 164785.4715707037 | GG9: 164893.99377543226 | GH9: 165158.44772219638 | GI9: 165332.70525758702 | GJ9: 165669.71079771424 | GK9: 166055.49688293602 | GL9: 166406.09372574405 | GM9: 166741.02110972122 | GN9: 166958.68408295393 | GO9: 167378.57 | GP9: 167722.8343594673 | GQ9: 167965.26139059188 | GR9: 167968.8636076773 | GS9: 168047.27490971694 | GT9: 168270.5381918855 | GU9: 168668.16538103326 | GV9: 168950.98693822723 | GW9: 169269.4795602157 | GX9: 169587.46619197176 | GY9: 170083.2666236475 | GZ9: 170632.2676007001 | HA9: 171315.5121491718 | HB9: 171762.86416680526 | HC9: 172122.84572461003 | HD9: 172388.84175642798 | HE9: 172946.2331370668 | HF9: 173514.1114838291 | HG9: 174138.99271330933 | HH9: 174660.18549786077 | HI9: 175123.92475234377 | HJ9: 175622.80667884296 | HK9: 176274.4962761541 | HL9: 177120.14277657412 | HM9: 177966.60587169195 | HN9: 178628.9042411385 | HO9: 179319.93715036163 | HP9: 180285.77 | HQ9: 181250.3582565319 | HR9: 181975.39302416527 | HS9: 182088.03401747977 | HT9: 182403.59560506314 | HU9: 182837.45752106936 | HV9: 183673.03127392373 | HW9: 184405.23828034685 | HX9: 185174.11281319536 | HY9: 185882.12449422243 | HZ9: 186546.90471637563 | IA9: 187190.98669415156 | IB9: 187625.70790164883 | IC9: 187961.97 | ID9: 188222.1910722408 | IE9: 188636.29229174208 | IF9: 189114.43 | IG9: 189530.52201871143 | IH9: 189840.5437520194 | II9: 190246.56335620713 | IJ9: 191001.77625509808 | IK9: 191972.83646523068 | IL9: 193722.2079694973 | IM9: 195560.78578698766 | IN9: 197497.75237182796 | IO9: 198818.62507186155 | IP9: 199601.4792704814 | IQ9: 199892.2018893517 | IR9: 199845.15749892208 | IS9: 199914.1077004619 | IT9: 200563.8833540595 | IU9: 201920.76802594404 | IV9: 204174.91094438522 | IW9: 206606.95031825345 | IX9: 208741.07886850534 | IY9: 210678.57574093502 | IZ9: 212956.66315239927 | JA9: 215545.07829197813 | JB9: 218423.22283038404 | JC9: 221285.7038187281 | JD9: 224086.13918220066 | JE9: 226622.25414623585 | JF9: 228398.48051896322 | JG9: 229788.5062933526 | JH9: 230930.39382784185 | JI9: 232463.58111067812 | JJ9: 234165.61099902962 | JK9: 235984.72597368274 | JL9: 237863.66015050863 | JM9: 240517.74430289367 | JN9: 243454.34293843896 | JO9: 246509.84009793177 | JP9: 248198.40051385728 | JQ9: 248676.4372421497 | JR9: 248515.6747308301 | JS9: 248937.00216896835 | JT9: 249791.5272505155 | JU9: 250452.98075721352 | JV9: 250309.34881157693 | JW9: 250093.41 | JX9: 250402.23574739904 | JY9: 251756.39613085112 | JZ9: 253990.28827598834 | KA9: 256500.39347838238 | KB9: 259047.05659674088 | KC9: 261519.37663606225 | KD9: 264082.5587574407 | KE9: 266375.2665516343 | KF9: 268123.77911923395 | KG9: 268906.1516165447 | KH9: 269377.52955173975 | KI9: 269931.5126491017 | KJ9: 271357.06391550344 | KK9: 273117.0338942876 | KL9: 274444.5059024214 | KM9: 274887.82 | KN9: 274932.6531811511 | KO9: 275344.8790185757 | KP9: 276013.8425511627 | KQ9: 276735.1863878773 | KR9: 277202.91020001494 | KS9: 277822.65469145327 | KT9: 278533.87493790383 | KU9: 279445.5772805723 | KV9: 280220.75768613355 | KW9: 281069.7516793007 | KX9: 281839.2604410287 | KY9: 282655.4868014464 | KZ9: 283403.2658562748 | LA9: 284046.7087273382 | LB9: 284576.2011266281
A10: 394856 | B10: 8 | C10: Miami, FL | D10: msa | E10: FL | F10: 77498.53936171955 | G10: 77713.82799884662 | H10: 77925.198 | I10: 78358.78991831487 | J10: 78774.216 | K10: 79161.72281204267 | L10: 79540.13941779277 | M10: 79914.39043614634 | N10: 80341.62416935492 | O10: 80780.99025627063 | P10: 81256.849 | Q10: 81776.66310232041 | R10: 82288.27400684294 | S10: 82816.87856136596 | T10: 83419.068 | U10: 84127.77902101446 | V10: 84953.99443626656 | W10: 85795.89037370907 | X10: 86748.84477596467 | Y10: 87811.07100006426 | Z10: 88993.71054408299 | AA10: 90212.83898282405 | AB10: 91342.804 | AC10: 92413.10868247785 | AD10: 93398.05476764576 | AE10: 94346.95814874407 | AF10: 95264.17337701605 | AG10: 96245.37119428876 | AH10: 97299.322 | AI10: 98366.80678122655 | AJ10: 99479.18476545044 | AK10: 100690.11614758172 | AL10: 101915.31210518489 | AM10: 103107.69641253019 | AN10: 104208.63703961669 | AO10: 105482.42663633563 | AP10: 106808.54098749615 | AQ10: 108193.26 | AR10: 109627.11528772024 | AS10: 111176.83595327141 | AT10: 112789.24732473488 | AU10: 114272.60379790839 | AV10: 115677.46733433618 | AW10: 117087.6650265022 | AX10: 118601.65107786622 | AY10: 120100.04402789717 | AZ10: 121565.7049156372 | BA10: 122874.0297819638 | BB10: 124267.84260527196 | BC10: 125634.6584713512 | BD10: 127180.08855641627 | BE10: 128777.45836600765 | BF10: 130719.67631916706 | BG10: 132829.34040342973 | BH10: 135104.01109265714 | BI10: 137495.77176147487 | BJ10: 139965.96146073248 | BK10: 142444.31966550185 | BL10: 144799.56108754643 | BM10: 147277.50357588776 | BN10: 149708.9609746985 | BO10: 152271.44994074546 | BP10: 155020.09777020186 | BQ10: 158052.03845908554 | BR10: 161489.87555522015 | BS10: 165164.66451710393 | BT10: 169184.30313471146 | BU10: 173178.02836260616 | BV10: 177123.39003868014 | BW10: 180687.3040573939 | BX10: 183822.05444603565 | BY10: 186573.6731800443 | BZ10: 189206.6388312925 | CA10: 191617.28416139775 | CB10: 194270.34420262114 | CC10: 197522.17749761775 | CD10: 200892.98382445323 | CE10: 203875.09737888662 | CF10: 205970.09312280043 | CG10: 207452.40866606848 | CH10: 208425.38558460807 | CI10: 208865.67709245815 | CJ10: 209279.33763816408 | CK10: 209442.09082028436 | CL10: 209263.80309073825 | CM10: 208828.6421232709 | CN10: 207814.70169450043 | CO10: 206493.19518524114 | CP10: 204758.96141086807 | CQ10: 202845.7380600051 | CR10: 200720.70749991466 | CS10: 198411.81940922048 | CT10: 195881.23059656526 | CU10: 193583.41912258803 | CV10: 190883.38909624083 | CW10: 188300.94806330316 | CX10: 184795.1836628907 | CY10: 181306.03024607734 | CZ10: 177178.78965397723 | DA10: 173238.5726821016 | DB10: 169250.33276487901 | DC10: 165625.94147178312 | DD10: 161873.4422416226 | DE10: 157728.40460922406 | DF10: 153177.39981651312 | DG10: 148549.37656719147 | DH10: 144210.16424801422 | DI10: 140276.70719355808 | DJ10: 136673.87041142225 | DK10: 133446.03367907237 | DL10: 130356.47536648881 | DM10: 127520.6878081811 | DN10: 124541.27446493087 | DO10: 121845.09526990553 | DP10: 119189.30798415921 | DQ10: 116781.76526662374 | DR10: 114593.0786985038 | DS10: 112818.27005129326 | DT10: 111374.99583025558 | DU10: 109941.50179866585 | DV10: 108785.38321803515 | DW10: 107965.76549684138 | DX10: 107424.96130620722 | DY10: 106892.26873150881 | DZ10: 106205.18001703254 | EA10: 105241.65160711085 | EB10: 104238.43773188019 | EC10: 103154.02703649989 | ED10: 102175.10905430706 | EE10: 101004.23280187549 | EF10: 99940.51567798767 | EG10: 99028.53576124231 | EH10: 98207.07482510777 | EI10: 97422.79922078205 | EJ10: 96639.73504129618 | EK10: 96030.20917299057 | EL10: 95441.60864413252 | EM10: 94856.53222937747 | EN10: 94271.65552772996 | EO10: 93843.66945228232 | EP10: 93592.03948360407 | EQ10: 93510.86864774581 | ER10: 93638.80591969842 | ES10: 93806.21793575352 | ET10: 94133.97619232633 | EU10: 94378.10850412352 | EV10: 94615.43446639332 | EW10: 94899.79121915674 | EX10: 95413.45645276825 | EY10: 96285.39801704387 | EZ10: 97251.15930343949 | FA10: 98179.97020216468 | FB10: 99176.85468794497 | FC10: 100292.21896433715 | FD10: 101580.58198308025 | FE10: 102991.18492233734 | FF10: 104687.77808257478 | FG10: 106528.39457159808 | FH10: 108498.82521067308 | FI10: 110473.67745995829 | FJ10: 112579.08631971397 | FK10: 114593.32526203837 | FL10: 116514.54618436929 | FM10: 118407.08838596428 | FN10: 120317.58848764146 | FO10: 122194.82974228445 | FP10: 123715.66203943112 | FQ10: 125053.16554410658 | FR10: 126313.12694208942 | FS10: 127790.15835150339 | FT10: 129356.19504759798 | FU10: 131044.52998956053 | FV10: 132850.74170578647 | FW10: 134488.94977760786 | FX10: 136133.3839379149 | FY10: 137564.63938874003 | FZ10: 138972.6300142619 | GA10: 140065.39117307213 | GB10: 141253.04841381582 | GC10: 142453.77259063182 | GD10: 143705.81512424955 | GE10: 144749.20688912398 | GF10: 145703.00576275922 | GG10: 146607.37772105364 | GH10: 147524.62301133203 | GI10: 148389.60043959183 | GJ10: 149332.23831955245 | GK10: 150430.42188906387 | GL10: 151560.48109541324 | GM10: 152846.32802604724 | GN10: 154044.77001560802 | GO10: 155189.80708949245 | GP10: 156143.0540886803 | GQ10: 157052.36876741436 | GR10: 158085.6678873258 | GS10: 159174.75656517365 | GT10: 160132.2260847539 | GU10: 161040.39455847038 | GV10: 161712.53942161213 | GW10: 162494.1130197911 | GX10: 163358.61230817228 | GY10: 164582.12552776054 | GZ10: 165661.90727207295 | HA10: 166371.8225938835 | HB10: 166799.51236845655 | HC10: 167428.94866300063 | HD10: 168395.25972379293 | HE10: 169356.7987964215 | HF10: 170042.97479173503 | HG10: 170732.06874037362 | HH10: 171468.74340094216 | HI10: 172354.57642148246 | HJ10: 173049.9105607888 | HK10: 173733.58986420502 | HL10: 174573.67048683867 | HM10: 175664.89033782002 | HN10: 176710.88893368433 | HO10: 177594.1610127079 | HP10: 178553.29395755834 | HQ10: 179339.77368434335 | HR10: 180080.61629548436 | HS10: 180509.96191691866 | HT10: 181456.6415421596 | HU10: 182317.43888869626 | HV10: 183264.39495065995 | HW10: 183965.51222529318 | HX10: 184955.25940732387 | HY10: 186175.9574967589 | HZ10: 187441.10182841358 | IA10: 188432.91068874346 | IB10: 188772.97129955213 | IC10: 188577.6935759436 | ID10: 188096.24532859543 | IE10: 187803.3052477151 | IF10: 187694.56784115228 | IG10: 187793.80027444873 | IH10: 188009.5584850268 | II10: 188511.22848083999 | IJ10: 189468.2871019577 | IK10: 190796.9740413885 | IL10: 192433.0345477953 | IM10: 193803.78801053844 | IN10: 194813.08934267182 | IO10: 195174.75142812103 | IP10: 194832.31008321219 | IQ10: 194254.1402291644 | IR10: 193885.1778606583 | IS10: 194248.57744239178 | IT10: 195204.4220792117 | IU10: 196566.4135140543 | IV10: 198312.35857872592 | IW10: 200095.57517352607 | IX10: 201497.35767537224 | IY10: 202734.4427156264 | IZ10: 204181.3535452376 | JA10: 206212.11113846776 | JB10: 208876.25150767842 | JC10: 212377.47990754034 | JD10: 216119.2504283774 | JE10: 219724.28186276052 | JF10: 222743.80668561385 | JG10: 225768.9582523409 | JH10: 229321.60835295237 | JI10: 233366.1299907346 | JJ10: 238298.1306986032 | JK10: 243720.03664712422 | JL10: 249807.31084524398 | JM10: 256763.70918760574 | JN10: 263868.32774115755 | JO10: 271218.03333676764 | JP10: 277054.6275607566 | JQ10: 281278.1824398593 | JR10: 283899.99718493636 | JS10: 285966.89782847406 | JT10: 288122.99864591117 | JU10: 290037.8883264148 | JV10: 291168.9538303852 | JW10: 291880.88306705595 | JX10: 292629.1773961571 | JY10: 294082.9694244279 | JZ10: 295888.9384163876 | KA10: 298070.06255713414 | KB10: 299982.84 | KC10: 301889.89032940706 | KD10: 303155.74504190154 | KE10: 304167.80157733086 | KF10: 305031.0717034545 | KG10: 305278.3695073472 | KH10: 305545.6774288077 | KI10: 305312.1019065425 | KJ10: 305431.10441995994 | KK10: 305304.97910776635 | KL10: 305008.9345144536 | KM10: 304002.7865202579 | KN10: 302722.9195488928 | KO10: 301215.6799552381 | KP10: 299676.32770856895 | KQ10: 298019.9982862187 | KR10: 296139.40290194674 | KS10: 294746.87 | KT10: 293344.58577437786 | KU10: 291886.8078496393 | KV10: 289404.64545845735 | KW10: 286663.86801932286 | KX10: 283633.08725251496 | KY10: 280642.76566514926 | KZ10: 277382.0723131965 | LA10: 274594.8735636544 | LB10: 272370.39412643114
A11: 394347 | B11: 9 | C11: Atlanta, GA | D11: msa | E11: GA | F11: 117370.10857496939 | G11: 117807.08276069857 | H11: 118275.33433797194 | I11: 119248.32463710685 | J11: 120262.75156046076 | K11: 121326.65666648872 | L11: 122396.2827821485 | M11: 123507.28329428307 | N11: 124675.79712358497 | O11: 125841.53738091052 | P11: 126929.25693257636 | Q11: 127933.27534654159 | R11: 128830.18515581203 | S11: 129699.70427556384 | T11: 130479.96010674408 | U11: 131265.40234539934 | V11: 132001.61777578542 | W11: 132713.07066550737 | X11: 133332.73370307795 | Y11: 133938.3493408096 | Z11: 134531.44235234053 | AA11: 135165.17856741467 | AB11: 135833.42562165676 | AC11: 136486.9049375363 | AD11: 137042.02624731153 | AE11: 137472.51470831197 | AF11: 137753.48107414405 | AG11: 138051.96977994745 | AH11: 138299.18 | AI11: 138591.67147206544 | AJ11: 138786.79782394398 | AK11: 138959.1793940206 | AL11: 139155.74590196254 | AM11: 139390.57098662888 | AN11: 139727.57135483285 | AO11: 140005.06099138013 | AP11: 140286.00608968994 | AQ11: 140467.86305712632 | AR11: 140687.85346240082 | AS11: 140866.5508500648 | AT11: 140991.9813258995 | AU11: 141075.20105004436 | AV11: 141164.15736747172 | AW11: 141328.05297943193 | AX11: 141517.62589414718 | AY11: 141647.23098837957 | AZ11: 141701.55172074772 | BA11: 141800.75933093365 | BB11: 141942.6031399529 | BC11: 142206.5896178694 | BD11: 142396.68284409423 | BE11: 142676.84985270162 | BF11: 142921.3068487344 | BG11: 143154.06787336932 | BH11: 143330.82231180978 | BI11: 143578.28344301006 | BJ11: 143841.93781269272 | BK11: 144107.5655326717 | BL11: 144297.08 | BM11: 144464.5294539806 | BN11: 144697.78719521125 | BO11: 144950.21 | BP11: 145223.68308946743 | BQ11: 145520.21991629415 | BR11: 145874.53810208305 | BS11: 146355.6409147941 | BT11: 146670.68084566446 | BU11: 146974.70861469538 | BV11: 147176.51947688195 | BW11: 147444.79903825233 | BX11: 147728.97335849365 | BY11: 148047.92138572744 | BZ11: 148376.3410192326 | CA11: 148612.99877788092 | CB11: 148696.84753706516 | CC11: 148693.95429380683 | CD11: 148688.97164986466 | CE11: 148804.81634938522 | CF11: 149125.27170416788 | CG11: 149430.20562632894 | CH11: 149673.42645596294 | CI11: 149834.75855516162 | CJ11: 149932.09720272082 | CK11: 150072.6938840455 | CL11: 150166.99639785037 | CM11: 150302.09055137623 | CN11: 150525.40346260704 | CO11: 150800.74619179088 | CP11: 151130.24296150918 | CQ11: 151357.73501592854 | CR11: 151541.78673236424 | CS11: 151592.98124511502 | CT11: 151391.85509776257 | CU11: 150960.87383685517 | CV11: 150329.04300929556 | CW11: 149834.66009971703 | CX11: 149057.31365060565 | CY11: 147971.43 | CZ11: 146684.68376107342 | DA11: 145683.8626529812 | DB11: 145127.2151992744 | DC11: 144589.76266571812 | DD11: 143904.62561193795 | DE11: 143063.5531314263 | DF11: 142182.1383466462 | DG11: 141199.8011951235 | DH11: 139814.0878055883 | DI11: 137993.23964757295 | DJ11: 135877.11128605693 | DK11: 134079.5320162435 | DL11: 132465.56673819924 | DM11: 131035.91246535699 | DN11: 129576.1296337492 | DO11: 128314.57558277617 | DP11: 127372.07385365794 | DQ11: 126502.68731408533 | DR11: 125733.53583436496 | DS11: 124845.81165415309 | DT11: 124154.11068678337 | DU11: 123590.98696811924 | DV11: 123026.95747836346 | DW11: 122441.52047369932 | DX11: 121880.88627634011 | DY11: 121774.52293093171 | DZ11: 121591.77637180228 | EA11: 121116.59323513457 | EB11: 119863.47401745216 | EC11: 118350.26630301017 | ED11: 116274.9399903831 | EE11: 114329.57659785308 | EF11: 112386.77751403267 | EG11: 111004.30937907285 | EH11: 109739.13204173931 | EI11: 108775.76181065175 | EJ11: 107683.64711185814 | EK11: 106504.86705571401 | EL11: 104844.28848983161 | EM11: 103277.71861585464 | EN11: 101920.78168574873 | EO11: 101054.25107251725 | EP11: 100422.06778998302 | EQ11: 99831.44924696698 | ER11: 99297.65981314257 | ES11: 98472.38972494223 | ET11: 97814.604 | EU11: 97270.07638789865 | EV11: 97358.83534239023 | EW11: 97531.83121655592 | EX11: 97847.81285832678 | EY11: 98080.056 | EZ11: 98467.01422385029 | FA11: 98532.04631049682 | FB11: 98539.77597450411 | FC11: 98386.70933738704 | FD11: 98606.09545382136 | FE11: 99037.85703921824 | FF11: 100020.7275057794 | FG11: 101256.5528410687 | FH11: 102904.88797679932 | FI11: 104626.35697121876 | FJ11: 106776.44108877664 | FK11: 109034.42433888123 | FL11: 111112.65460060106 | FM11: 112850.50564595802 | FN11: 114421.54626512165 | FO11: 115976.67054176024 | FP11: 117350.16116294346 | FQ11: 118616.29988034243 | FR11: 119838.44294940277 | FS11: 121214.49553896661 | FT11: 122794.09976475009 | FU11: 124610.97278173962 | FV11: 126579.0850307739 | FW11: 128097.6436726784 | FX11: 129429.6498939715 | FY11: 130363.34362592392 | FZ11: 131399.23582460172 | GA11: 132351.13218662032 | GB11: 133552.74214512898 | GC11: 134818.84788216438 | GD11: 136096.23028251532 | GE11: 137281.26531492887 | GF11: 138584.67632343166 | GG11: 139917.97558782395 | GH11: 141250.72580115186 | GI11: 142344.3797633718 | GJ11: 143443.24844764743 | GK11: 144564.73381362157 | GL11: 145732.27 | GM11: 147004.5150760108 | GN11: 148409.00329615842 | GO11: 150017.7852791828 | GP11: 151706.79952851983 | GQ11: 153408.09584609387 | GR11: 154986.38278687498 | GS11: 156620.10255685932 | GT11: 158105.78205617194 | GU11: 159614.46770809067 | GV11: 160664.35965428627 | GW11: 161514.52818819575 | GX11: 162479.6726269609 | GY11: 163888.49605538516 | GZ11: 165606.39591046688 | HA11: 167354.3374704499 | HB11: 168813.6729547689 | HC11: 170323.62627861087 | HD11: 171876.93060738026 | HE11: 173529.75660272082 | HF11: 174968.2806278105 | HG11: 176274.3975383079 | HH11: 177695.78015345658 | HI11: 179214.5395629205 | HJ11: 180736.40467160972 | HK11: 182349.8841834527 | HL11: 184077.4231959649 | HM11: 186043.59165720592 | HN11: 188005.1227963857 | HO11: 189975.50675187656 | HP11: 191954.29428671414 | HQ11: 193443.2916044777 | HR11: 194832.94726732283 | HS11: 195763.31 | HT11: 197131.37650074915 | HU11: 198626.74073586558 | HV11: 200532.72913137136 | HW11: 202549.01158907954 | HX11: 204482.1305365816 | HY11: 206399.5883490152 | HZ11: 208217.33894627643 | IA11: 209777.77733988952 | IB11: 210828.45639372236 | IC11: 211289.75273600695 | ID11: 211537.87422427782 | IE11: 211610.96625566427 | IF11: 211815.9806746318 | IG11: 212091.31146306952 | IH11: 212455.7925584834 | II11: 213046.71074570282 | IJ11: 213913.25912864727 | IK11: 215006.05528114128 | IL11: 216589.7225462532 | IM11: 218082.21 | IN11: 219377.84451791222 | IO11: 219838.0152761909 | IP11: 219697.55719902847 | IQ11: 219338.47 | IR11: 219196.54816842396 | IS11: 219791.62496409836 | IT11: 221180.14647745303 | IU11: 223062.8649288878 | IV11: 225332.74269172922 | IW11: 227490.09711756287 | IX11: 229443.22371286328 | IY11: 231287.45528176907 | IZ11: 233539.8725845009 | JA11: 235897.17 | JB11: 238514.23232420525 | JC11: 241347.31823548026 | JD11: 244557.35102447102 | JE11: 247873.70597399658 | JF11: 251013.8422940826 | JG11: 254255.88191898042 | JH11: 257583.0710163809 | JI11: 261208.76139328806 | JJ11: 265262.2635320286 | JK11: 269354.0672223345 | JL11: 273504.0363915611 | JM11: 277743.8960542273 | JN11: 282013.57358780626 | JO11: 286092.88362973934 | JP11: 288918.88146799366 | JQ11: 290268.8781624985 | JR11: 290452.85198893264 | JS11: 290459.5709137191 | JT11: 290613.74329873465 | JU11: 290452.06477250525 | JV11: 289722.3089641751 | JW11: 288766.5330612186 | JX11: 288255.91 | JY11: 288474.8111295558 | JZ11: 289372.0629976112 | KA11: 290478.38035918475 | KB11: 291821.9615474295 | KC11: 293731.9559064479 | KD11: 295792.25026941916 | KE11: 297346.30150356516 | KF11: 298017.47328478436 | KG11: 297597.6056187631 | KH11: 297257.5592636695 | KI11: 297012.93934085127 | KJ11: 297746.25 | KK11: 298500.09864439425 | KL11: 298854.6185639812 | KM11: 298229.1285092675 | KN11: 297053.5292994447 | KO11: 295915.0907699902 | KP11: 294823.9864918539 | KQ11: 293564.99301391176 | KR11: 291821.0595564482 | KS11: 290382.6020428192 | KT11: 289274.39328846947 | KU11: 288565.29577848397 | KV11: 287509.31255992595 | KW11: 286419.50770262186 | KX11: 285126.0190986711 | KY11: 283727.15686313424 | KZ11: 282088.9717934081 | LA11: 280639.7606846804 | LB11: 279562.78127994674
A12: 394404 | B12: 10 | C12: Boston, MA | D12: msa | E12: MA | F12: 181092.21974153677 | G12: 181878.97067326016 | H12: 182726.5946234955 | I12: 184356.18609593078 | J12: 186039.07532356796 | K12: 187921.46080942106 | L12: 190333.71887715542 | M12: 193369.67213386405 | N12: 196660.21495734423 | O12: 200094.23695484025 | P12: 203399.0776450057 | Q12: 206780.56 | R12: 209724.32464910517 | S12: 212378.42942053292 | T12: 214930.09019555742 | U12: 217617.88506265622 | V12: 220373.14 | W12: 223066.68579899622 | X12: 225858.37073944428 | Y12: 228769.4573490969 | Z12: 231764.91066059438 | AA12: 234964.81382705586 | AB12: 238085.33776902317 | AC12: 240941.07145592608 | AD12: 243129.24889015712 | AE12: 245152.96006172197 | AF12: 247203.0452545724 | AG12: 249379.53773427694 | AH12: 251446.56 | AI12: 253490.88299972398 | AJ12: 255665.92080355322 | AK12: 258019.76528151947 | AL12: 260577.9535383774 | AM12: 263747.89168762055 | AN12: 267140.50724412786 | AO12: 270450.4371708978 | AP12: 273214.54533864267 | AQ12: 275753.7556525818 | AR12: 278273.88555866224 | AS12: 280924.93038168614 | AT12: 283454.5941065035 | AU12: 285669.48986878525 | AV12: 287160.2266193914 | AW12: 288557.50586862495 | AX12: 290060.82382964424 | AY12: 291941.8700030621 | AZ12: 293991.08105633274 | BA12: 296117.55932463426 | BB12: 298198.73516392015 | BC12: 300266.26 | BD12: 302457.01834717044 | BE12: 304732.3624686497 | BF12: 306863.01607379905 | BG12: 308674.53084602096 | BH12: 310367.6865873672 | BI12: 312131.54281318473 | BJ12: 314301.41496909125 | BK12: 316781.05037583085 | BL12: 319299.2596735267 | BM12: 321593.3204403201 | BN12: 323588.05405459896 | BO12: 325998.13696529815 | BP12: 328506.2346712755 | BQ12: 331237.7230591727 | BR12: 333608.5336179977 | BS12: 335080.83676240675 | BT12: 336109.3195001367 | BU12: 336579.62136867305 | BV12: 337577.4592193545 | BW12: 338442.9339856165 | BX12: 339256.27948811214 | BY12: 339285.6637951597 | BZ12: 339096.57023928774 | CA12: 338399.11 | CB12: 337878.31049837446 | CC12: 337336.3861062768 | CD12: 336876.3331593675 | CE12: 336126.91395009466 | CF12: 334570.76457924076 | CG12: 332717.1753101339 | CH12: 330397.00989533146 | CI12: 328323.4161882081 | CJ12: 326229.96324123483 | CK12: 324723.3076750764 | CL12: 323660.67220669176 | CM12: 322863.58863285667 | CN12: 322209.5118154997 | CO12: 321613.46181375644 | CP12: 321029.2816275931 | CQ12: 320234.11 | CR12: 319145.7803596106 | CS12: 318000.08261396986 | CT12: 316977.26481286786 | CU12: 315744.63008399523 | CV12: 314316.7191729594 | CW12: 312589.74364583724 | CX12: 310884.5621381868 | CY12: 308838.25187594426 | CZ12: 307188.7862068816 | DA12: 305606.3967254455 | DB12: 304476.33413785347 | DC12: 302930.7787409332 | DD12: 300930.90080429596 | DE12: 298611.2436221379 | DF12: 296198.4580164613 | DG12: 293784.4370358055 | DH12: 291581.2537001612 | DI12: 289510.30174677324 | DJ12: 288000.50408528885 | DK12: 286608.5930367243 | DL12: 285099.2082143444 | DM12: 283786.0412072339 | DN12: 282861.4406963905 | DO12: 282260.5189966774 | DP12: 281622.05 | DQ12: 281040.1413595931 | DR12: 280573.6795882999 | DS12: 280157.0593097829 | DT12: 279853.6789736604 | DU12: 280107.27239780483 | DV12: 280817.6182558479 | DW12: 281914.88947959995 | DX12: 282822.94383422896 | DY12: 283694.58043442835 | DZ12: 284222.3993434338 | EA12: 284691.23734313966 | EB12: 284513.08387776243 | EC12: 283732.2508608799 | ED12: 282042.1980279993 | EE12: 280437.41836748464 | EF12: 279037.32743728854 | EG12: 278482.90329441393 | EH12: 278126.1215167683 | EI12: 277568.91374266834 | EJ12: 276526.47120574216 | EK12: 275526.74595328374 | EL12: 274580.5879179392 | EM12: 273974.8351503163 | EN12: 273080.2394952882 | EO12: 272080.3099418055 | EP12: 270800.52436511643 | EQ12: 269450.09611472563 | ER12: 268395.57919142675 | ES12: 267707.8655106215 | ET12: 267190.68862262275 | EU12: 267168.28 | EV12: 267710.8377416698 | EW12: 268880.90167157503 | EX12: 270418.6280246997 | EY12: 272163.6225349522 | EZ12: 273891.52521128516 | FA12: 275331.0242134048 | FB12: 276575.05087727075 | FC12: 277799.10899864935 | FD12: 279388.3550379007 | FE12: 281264.19810695393 | FF12: 283923.28114741226 | FG12: 286687.7349491191 | FH12: 288780.2429389524 | FI12: 290181.04352540453 | FJ12: 291534.39537175006 | FK12: 293408.94 | FL12: 295370.02688288625 | FM12: 297383.97 | FN12: 299731.77039300115 | FO12: 302640.7116884763 | FP12: 305738.2379448611 | FQ12: 308537.04083337844 | FR12: 311034.29093004233 | FS12: 313194.3156899212 | FT12: 315354.3291037768 | FU12: 317493.76640190353 | FV12: 319761.5070888715 | FW12: 321599.1596144822 | FX12: 323145.05206801416 | FY12: 324254.9 | FZ12: 325570.65474955266 | GA12: 326668.91571024555 | GB12: 328142.8652495961 | GC12: 330073.4222395271 | GD12: 332696.09297024534 | GE12: 335378.00305217615 | GF12: 337772.94140214944 | GG12: 339626.23046152736 | GH12: 341371.0747123182 | GI12: 342818.09278451465 | GJ12: 344578.8616425716 | GK12: 347063.9944465269 | GL12: 350061.13960995246 | GM12: 353277.4869738359 | GN12: 356203.20755908726 | GO12: 359217.37026364915 | GP12: 362145.02937572286 | GQ12: 364550.4 | GR12: 366651.23604605993 | GS12: 368806.40181924606 | GT12: 371201.3519931272 | GU12: 373407.47989732615 | GV12: 375077.6097516198 | GW12: 376305.96339714294 | GX12: 377801.7389058196 | GY12: 379966.91 | GZ12: 383139.40888856817 | HA12: 386202.7147080891 | HB12: 388756.2929690794 | HC12: 390753.81798796257 | HD12: 393206.31776969414 | HE12: 396247.28221962415 | HF12: 399163.5885338122 | HG12: 401992.4170606054 | HH12: 404754.9822224143 | HI12: 407444.65511896677 | HJ12: 410141.0114747409 | HK12: 412215.6591537438 | HL12: 413983.5009994139 | HM12: 415689.9337518504 | HN12: 417765.7500586735 | HO12: 420373.21849611733 | HP12: 423543.81 | HQ12: 426763.6239030681 | HR12: 429963.0299762919 | HS12: 432445.6644252541 | HT12: 435076.7354544138 | HU12: 437253.21734931384 | HV12: 439247.1798984125 | HW12: 440234.54 | HX12: 441036.77883522614 | HY12: 441263.5145647358 | HZ12: 441475.8733933105 | IA12: 441559.6310239609 | IB12: 441809.60513648816 | IC12: 442587.3261841584 | ID12: 443222.03227131785 | IE12: 443976.97979829815 | IF12: 444369.00417401036 | IG12: 444459.9088057413 | IH12: 444297.04390635405 | II12: 444670.72381468996 | IJ12: 445645.36350067775 | IK12: 446823.7232854404 | IL12: 448754.85626795696 | IM12: 451293.6179167388 | IN12: 454246.69673889084 | IO12: 456484.9734380419 | IP12: 457669.30094775156 | IQ12: 458079.88351378794 | IR12: 458153.6817642366 | IS12: 458882.9198142607 | IT12: 460779.09129768104 | IU12: 463400.59407398873 | IV12: 466706.2485067582 | IW12: 470049.60849163233 | IX12: 472649.8194065254 | IY12: 474774.68230623816 | IZ12: 476739.2226991686 | JA12: 479676.2425131406 | JB12: 483851.48137046443 | JC12: 488383.0083635832 | JD12: 493166.32361616223 | JE12: 497492.0259576142 | JF12: 501269.61198480584 | JG12: 504447.8250540379 | JH12: 507421.53 | JI12: 510644.69292697916 | JJ12: 513757.7165099601 | JK12: 517234.3455433525 | JL12: 521750.3973415698 | JM12: 527039.5102589177 | JN12: 532326.42 | JO12: 536608.2495972302 | JP12: 538470.6543305202 | JQ12: 537612.0199921526 | JR12: 534608.6576530825 | JS12: 532453.4558281006 | JT12: 531620.2698023322 | JU12: 531645.5960658253 | JV12: 531277.3133183586 | JW12: 530217.1077356625 | JX12: 529505.7301901955 | JY12: 530510.7063091574 | JZ12: 533390.2826670747 | KA12: 537688.1244448373 | KB12: 542069.9377127234 | KC12: 546502.0682063773 | KD12: 550277.5248686204 | KE12: 552862.4889871305 | KF12: 554588.8295260711 | KG12: 555647.5640227037 | KH12: 557676.0647530403 | KI12: 560061.7555158455 | KJ12: 564021.1941600316 | KK12: 567694.1187105429 | KL12: 570677.19 | KM12: 571805.4393152123 | KN12: 572624.7202129029 | KO12: 573837.6254163622 | KP12: 575387.0621625737 | KQ12: 576517.43 | KR12: 577221.78 | KS12: 578437.9341444868 | KT12: 580103.6165690566 | KU12: 582299.0306408299 | KV12: 583456.6900916594 | KW12: 583956.1808330332 | KX12: 583229.8873952972 | KY12: 582325.5199038611 | KZ12: 581181.3538590294 | LA12: 580779.1573457592 | LB12: 581424.1040864239
A13: 394976 | B13: 11 | C13: Phoenix, AZ | D13: msa | E13: AZ | F13: 91459.67251568996 | G13: 91602.23404743584 | H13: 91831.89378524909 | I13: 92287.82410774122 | J13: 92802.00325711707 | K13: 93208.77405363273 | L13: 93589.42188634239 | M13: 93969.38226737203 | N13: 94418.23826463321 | O13: 94843.41 | P13: 95186.81516713246 | Q13: 95488.73860629874 | R13: 95812.64808233069 | S13: 96201.20536434888 | T13: 96627.67767418413 | U13: 97001.865 | V13: 97325.16512613215 | W13: 97593.10941089941 | X13: 97838.83780012408 | Y13: 98067.42211802401 | Z13: 98319.06806496748 | AA13: 98618.46260341874 | AB13: 98963.83677163698 | AC13: 99256.82267043476 | AD13: 99528.57913916103 | AE13: 99770.29117855255 | AF13: 100086.97114663031 | AG13: 100427.09454649429 | AH13: 100746.77539313018 | AI13: 101083.00722932094 | AJ13: 101458.42285958982 | AK13: 101952.87016221636 | AL13: 102418.64053032703 | AM13: 102854.30068988439 | AN13: 103216.87758612062 | AO13: 103600.21163892932 | AP13: 103985.2845180478 | AQ13: 104405.94878098641 | AR13: 104797.41487218294 | AS13: 105214.18170475737 | AT13: 105650.28019861557 | AU13: 106063.35997219429 | AV13: 106460.3161247677 | AW13: 106848.62180127233 | AX13: 107308.83470752907 | AY13: 107777.67763049553 | AZ13: 108169.53634383017 | BA13: 108520.92146917399 | BB13: 108837.61385293414 | BC13: 109354.00841285595 | BD13: 110039.36602280155 | BE13: 110877.41723277226 | BF13: 111833.76933869533 | BG13: 112843.0902430367 | BH13: 114187.71699675475 | BI13: 115781.7639871533 | BJ13: 117314.74834698469 | BK13: 118871.93545901416 | BL13: 120381.67332921266 | BM13: 122308.5676676652 | BN13: 124493.43274293905 | BP13: 130338.42298503227 | BQ13: 133643.43664550057 | BR13: 137231.3971423735 | BS13: 141894.58799218608 | BT13: 147250.87107477945 | BU13: 152588.20797154575 | BV13: 158151.4263029412 | BW13: 163150.8252609547 | BX13: 168230.54917372463 | BY13: 171670.43075614804 | BZ13: 173626.18342797735 | CA13: 176215.82961347196 | CB13: 179437.1263495489 | CC13: 183183.25946413574 | CD13: 185370.19279528898 | CE13: 186619.41484641048 | CF13: 186795.30033618826 | CG13: 186103.9828096941 | CH13: 184881.68134366066 | CI13: 184283.38971084054 | CJ13: 183304.43989761805 | CK13: 182262.41678505138 | CL13: 181048.4017973669 | CM13: 180433.12346112542 | CN13: 180270.3019200269 | CO13: 180489.89300932267 | CP13: 180759.6654724496 | CQ13: 180571.21506270915 | CR13: 179846.06575512837 | CS13: 178618.44 | CT13: 177155.44401686903 | CU13: 175607.57505206263 | CV13: 173432.12595733165 | CW13: 171027.05058312815 | CX13: 168523.8602815193 | CY13: 165591.47443026936 | CZ13: 162481.47839447754 | DA13: 158625.17193830802 | DB13: 155580.3283115211 | DC13: 152776.50326779496 | DD13: 149861.73666583866 | DE13: 146107.2961951987 | DF13: 142208.08021263976 | DG13: 139086.62960394242 | DH13: 135188.15532309856 | DI13: 131126.84272490427 | DJ13: 127296.27794235724 | DK13: 125264.71302412356 | DL13: 123544.96636204042 | DM13: 121669.61 | DN13: 119143.64156894835 | DO13: 116777.04205843729 | DP13: 114564.18886418565 | DQ13: 112508.1421507091 | DR13: 110466.78873948996 | DS13: 107840.57127667479 | DT13: 106231.40946777964 | DU13: 105082.44422987952 | DV13: 104498.56782675505 | DW13: 103268.51662809598 | DX13: 101799.39125367766 | DY13: 100732.83437090053 | DZ13: 99524.583 | EA13: 98263.55898894211 | EB13: 95973.81413944035 | EC13: 93817.38335733215 | ED13: 91421.25472835342 | EE13: 89789.326 | EF13: 88245.36923933732 | EG13: 86807.76399928787 | EH13: 85180.83505303618 | EI13: 83764.92471958656 | EJ13: 82797.57706842538 | EK13: 81701.41675987311 | EL13: 80463.16711970266 | EM13: 79061.12599849168 | EN13: 78101.94427474136 | EO13: 77483.05352831999 | EP13: 77117.813 | EQ13: 76966.25882596309 | ER13: 76848.99392885836 | ES13: 77273.50681372313 | ET13: 77611.69780862732 | EU13: 78120.525 | EV13: 78410.88770830893 | EW13: 79236.40192719252 | EX13: 80619.92552914248 | EY13: 82361.12886676645 | EZ13: 84322.536 | FA13: 86311.26956395396 | FB13: 88520.83048398203 | FC13: 90600.71235703751 | FD13: 92474.49134793012 | FE13: 94047.64874612975 | FF13: 95473.87935792068 | FG13: 96875.71022640682 | FH13: 98476.95069524275 | FI13: 100440.92412298343 | FJ13: 102734.80818610718 | FK13: 104983.38431396456 | FL13: 107075.52852086174 | FM13: 108978.41179800955 | FN13: 110847.25445458542 | FO13: 112542.68709894111 | FP13: 113864.4925681736 | FQ13: 114813.47974882682 | FR13: 115796.01810186544 | FS13: 116798.90586237884 | FT13: 117748.26857884356 | FU13: 118466.0529332327 | FV13: 118973.97688030174 | FW13: 119165.70259026189 | FX13: 119293.52778902982 | FY13: 119491.8885657747 | FZ13: 119858.01363449097 | GA13: 119987.01191472354 | GB13: 120205.7694237833 | GC13: 120420.53192290077 | GD13: 120775.58536050316 | GE13: 120980.23418393337 | GF13: 121333.93680415819 | GG13: 121811.5199807126 | GH13: 122712.70166489009 | GI13: 123703.13528197852 | GJ13: 124846.85172601113 | GK13: 126049.07798587276 | GL13: 127371.44352755546 | GM13: 128758.92502980279 | GN13: 129962.52098743619 | GO13: 131179.35978696344 | GP13: 132597.3423165692 | GQ13: 134107.73053268483 | GR13: 135298.73861932193 | GS13: 136062.23555461832 | GT13: 136699.05236903342 | GU13: 137460.62098776342 | GV13: 138244.16775830908 | GW13: 138996.37628226393 | GX13: 139975.91942894942 | GY13: 141146.36431328187 | GZ13: 142366.92808595437 | HA13: 143378.58 | HB13: 144030.2514985877 | HC13: 144605.72989882316 | HD13: 145275.31701954993 | HE13: 146324.40027465697 | HF13: 147540.9514653313 | HG13: 148987.99469546243 | HH13: 150580.85623482024 | HI13: 152222.67756656892 | HJ13: 153716.89602162025 | HK13: 155098.0771526027 | HL13: 156165.5418598311 | HM13: 157180.3419711809 | HN13: 158356.10570977582 | HO13: 159912.26815576453 | HP13: 161582.97916275964 | HQ13: 162912.1573604622 | HR13: 164156.65913447176 | HS13: 165235.0801631599 | HT13: 166664.29485807414 | HU13: 168072.0528092941 | HV13: 169678.71426341563 | HW13: 170927.65 | HX13: 172255.74 | HY13: 173464.15212478233 | HZ13: 175063.07479665396 | IA13: 176619.9940062148 | IB13: 177986.9103952142 | IC13: 178960.41977393263 | ID13: 179586.5659547882 | IE13: 180309.47300261186 | IF13: 180966.06326515783 | IG13: 181886.96405231053 | IH13: 182816.83890449372 | II13: 184112.51003712742 | IJ13: 185707.9162023449 | IK13: 187390.74349234207 | IL13: 189900.9222293709 | IM13: 193215.65559610052 | IN13: 197260.65677111511 | IO13: 200692.60687019117 | IP13: 202982.04965573168 | IQ13: 203620.27807501936 | IR13: 203545.67859569937 | IS13: 203627.5078757348 | IT13: 205033.3241355711 | IU13: 207263.8813592471 | IV13: 210141.23700976846 | IW13: 213148.41 | IX13: 216095.11248347408 | IY13: 218855.3645066618 | IZ13: 222278.10794081088 | JA13: 226606.54 | JB13: 232321.1106801906 | JC13: 239393.5918963775 | JD13: 247140.4625678844 | JE13: 254469.25563772162 | JF13: 260325.90885723548 | JG13: 265429.6030542631 | JH13: 270245.58 | JI13: 275081.87730137096 | JJ13: 280242.26 | JK13: 286302.12058528606 | JL13: 293398.4576449858 | JM13: 301199.41571495036 | JN13: 309001.7530041951 | JO13: 316337.65151299495 | JP13: 320984.3629156834 | JQ13: 322114.1066958791 | JR13: 320124.3123072929 | JS13: 317051.5725494888 | JT13: 313485.79909963574 | JU13: 309528.4283016631 | JV13: 304609.54173945106 | JW13: 300149.0075629339 | JX13: 296675.83605609223 | JY13: 295093.64174556866 | JZ13: 294488.16462765104 | KA13: 294811.0888000833 | KB13: 295898.45054507116 | KC13: 297815.3830566266 | KD13: 299958.58093100815 | KE13: 301798.8240962652 | KF13: 303009.3108037884 | KG13: 303157.4070110075 | KH13: 302769.61 | KI13: 302232.23969519086 | KJ13: 302154.9197512858 | KK13: 301945.3811364812 | KL13: 301447.25581787137 | KM13: 300347.53 | KN13: 299175.15422805585 | KO13: 298141.2384033546 | KP13: 297291.45884252345 | KQ13: 296600.8064204272 | KR13: 295481.82003451715 | KS13: 294593.8112310109 | KT13: 293848.63789067365 | KU13: 292997.64849223645 | KV13: 291538.64759395283 | KW13: 289824.26443074545 | KX13: 288059.4720451434 | KY13: 286534.4683020139 | KZ13: 285179.59102666273 | LA13: 284387.91505183984 | LB13: 283922.89263932576
A14: 395057 | B14: 12 | C14: San Francisco, CA | D14: msa | E14: CA | F14: 234934.76 | G14: 235718.63522829232 | H14: 237088.9634459057 | I14: 240607.8913217894 | J14: 245688.17239543409 | K14: 251110.85402810317 | L14: 256453.7817391725 | M14: 261255.5834681363 | N14: 266183.29219840775 | O14: 270978.4890629605 | P14: 275802.8302810175 | Q14: 280637.0683402756 | R14: 284419.04595740535 | S14: 287833.7635576238 | T14: 291678.86331789935 | U14: 296357.89574076986 | V14: 300524.42104888515 | W14: 303564.54103662964 | X14: 305840.97439811466 | Y14: 308039.19774820516 | Z14: 309775.6008049162 | AA14: 310894.1188023076 | AB14: 311505.2584816629 | AC14: 311265.04284256906 | AD14: 310373.60173602786 | AE14: 309571.3569254699 | AF14: 309428.9533013857 | AG14: 310656.0445178561 | AH14: 312473.8605510648 | AI14: 315284.97256294504 | AJ14: 318440.75720704626 | AK14: 321970.63369572343 | AL14: 325125.89632198756 | AM14: 327753.66897779825 | AN14: 330124.9768043161 | AO14: 332204.71023418003 | AP14: 333865.0219707807 | AQ14: 335506.3132231746 | AR14: 337298.4234982843 | AS14: 339458.4035722963 | AT14: 340785.69579467684 | AU14: 341728.4152360668 | AV14: 342771.00427568186 | AW14: 344773.40730867867 | AX14: 347327.83538900764 | AY14: 350438.2940043301 | AZ14: 353513.05361281446 | BA14: 356735.5843339136 | BB14: 360442.00830483023 | BC14: 364646.3975381586 | BD14: 369894.5449548929 | BE14: 375227.14 | BF14: 380805.4347888298 | BG14: 386441.83026480133 | BH14: 392392.9085337993 | BI14: 398302.8635640613 | BJ14: 404565.44938656787 | BK14: 410806.5490074886 | BL14: 417359.65380971535 | BM14: 423794.9867746747 | BN14: 430061.4483553336 | BO14: 436864.1222382656 | BP14: 443691.2286056524 | BQ14: 451322.43443480274 | BR14: 458834.3424728495 | BS14: 466088.09628819395 | BT14: 472409.39319112943 | BU14: 478474.1468610317 | BV14: 484366.96026333305 | BW14: 490549.11697681114 | BX14: 495912.22 | BY14: 500401.3549589512 | BZ14: 503290.7575807812 | CA14: 505316.7108047966 | CB14: 507318.3671448093 | CC14: 508964.5236354173 | CD14: 509690.9899359933 | CE14: 509767.5379652355 | CF14: 509032.04381521203 | CG14: 508389.4935635081 | CH14: 506502.0782730528 | CI14: 504235.6492478967 | CJ14: 502243.74735515326 | CK14: 500965.17744884506 | CL14: 500722.47013619664 | CM14: 499794.8338535132 | CN14: 498852.67513466097 | CO14: 497674.5878450174 | CP14: 495935.9969694026 | CQ14: 493371.04103609436 | CR14: 490454.6074053195 | CS14: 487732.6656701946 | CT14: 485063.8525284826 | CU14: 481327.9996063255 | CV14: 477431.8512204561 | CW14: 472072.36505228654 | CX14: 467521.24500603887 | CY14: 463178.18835942965 | CZ14: 459718.6726572227 | DA14: 456243.5948660154 | DB14: 452312.58516660746 | DC14: 447842.60308108333 | DD14: 442179.0354561096 | DE14: 436201.1898656304 | DF14: 430085.8204598871 | DG14: 424689.9886695442 | DH14: 419045.65729077806 | DI14: 414212.6238432773 | DJ14: 408928.8189201289 | DK14: 404544.4123685509 | DL14: 400074.41737401736 | DM14: 394610.20796018286 | DN14: 389338.07257653197 | DO14: 385452.16328692227 | DP14: 382688.9922248092 | DQ14: 378353.6269300494 | DR14: 372607.8012986849 | DS14: 369109.23872758803 | DT14: 369129.1148722347 | DV14: 376057.2248428136 | DW14: 377947.19664930017 | DX14: 377594.06612424325 | DY14: 376756.1893292167 | DZ14: 376073.6664907658 | EA14: 374813.7705485914 | EB14: 372457.1838980233 | EC14: 370643.02208283026 | ED14: 368457.4149402029 | EE14: 366490.9621578827 | EF14: 363803.0382943866 | EG14: 360686.36378221447 | EH14: 358195.8083128861 | EI14: 355537.9619715782 | EJ14: 353787.5425868843 | EK14: 351627.5882795017 | EL14: 348865.2590118399 | EM14: 345209.4824353066 | EN14: 342623.84861304896 | EO14: 339784.9882366984 | EP14: 337866.0214224717 | EQ14: 335390.86250377895 | ER14: 333654.6043789801 | ES14: 332484.6928867868 | ET14: 331286.6119884466 | EU14: 330953.18811377283 | EV14: 330308.95578798646 | EW14: 330839.53886638716 | EX14: 332331.6591405405 | EY14: 335700.9001910182 | EZ14: 339346.9600444673 | FA14: 343917.3680491419 | FB14: 349162.81692191766 | FC14: 355288.3339581345 | FD14: 361862.66 | FE14: 368940.10076673765 | FF14: 377156.9434399009 | FG14: 385339.0636011036 | FH14: 393134.75761097786 | FI14: 401436.40118942526 | FJ14: 411768.68991232297 | FK14: 423657.13817053614 | FL14: 434150.2730116078 | FM14: 442831.9986217573 | FN14: 450533.6571897363 | FO14: 458140.9237709404 | FP14: 464771.1115878842 | FQ14: 470208.3410467021 | FR14: 475472.39334749104 | FS14: 481376.13120895886 | FT14: 487135.6612098711 | FU14: 493360.75462982926 | FV14: 499324.4415568842 | FW14: 504571.8000189304 | FX14: 507597.3734956598 | FY14: 509728.2955923931 | FZ14: 513055.9642527381 | GA14: 517828.7013017831 | GB14: 523352.3297541635 | GC14: 529023.0433309744 | GD14: 535311.1824746911 | GE14: 541971.6122168922 | GF14: 548141.8838031719 | GG14: 553767.61 | GH14: 559867.5373791578 | GI14: 566568.4768540771 | GJ14: 572972.6906567811 | GK14: 579555.5675050822 | GL14: 586699.4652117951 | GM14: 595057.3211751874 | GN14: 603018.0642844356 | GO14: 610333.7144729818 | GP14: 617745.1026625644 | GQ14: 625320.8672660653 | GR14: 631791.87 | GS14: 636369.7889882453 | GT14: 638658.6873108717 | GU14: 639576.9503282271 | GV14: 638583.0084696616 | GW14: 637012.41 | GX14: 635429.6767023591 | GY14: 635852.6703686806 | GZ14: 638270.9100577388 | HA14: 642306.3470980917 | HB14: 646797.9960177428 | HC14: 651230.0722852572 | HD14: 655009.7803231975 | HE14: 658697.4292987301 | HF14: 660935.4371693822 | HG14: 663298.8817091247 | HH14: 664396.0628449115 | HI14: 666605.6110960224 | HJ14: 670427.96 | HK14: 676328.3 | HL14: 683130.2703022092 | HM14: 690223.5126234501 | HN14: 697841.7302268915 | HO14: 705184.35 | HP14: 712013.8 | HQ14: 718109.0749510331 | HR14: 724267.9803976334 | HS14: 728884.3932920666 | HT14: 731812.2054979965 | HU14: 733492.89 | HV14: 735576.1135657794 | HW14: 738026.2702652464 | HX14: 739976.8283877783 | HY14: 740756.6701564345 | HZ14: 741790.78 | IA14: 742453.67 | IB14: 743102.6750188941 | IC14: 743132.7929912688 | ID14: 743061.1855879603 | IE14: 743610.6850349075 | IF14: 744092.1853620171 | IG14: 745232.7773768125 | IH14: 745417.6324625788 | II14: 746015.2691643076 | IJ14: 747051.8139619589 | IK14: 748818.6728213894 | IL14: 749686.72 | IM14: 749301.6678847795 | IN14: 749010.9692497435 | IO14: 749195.1151176159 | IP14: 747613.4681819077 | IQ14: 743662.76 | IR14: 737899.8265570179 | IS14: 734121.1771133788 | IT14: 733150.6834728247 | IU14: 734926.29 | IV14: 738722.81 | IW14: 743025.9671375506 | IX14: 746904.8975503595 | IY14: 749422.1408747354 | IZ14: 751359.7748436551 | JA14: 754364.0014561974 | JB14: 759447.1182658785 | JC14: 765594.4330395808 | JD14: 772291.0648260098 | JE14: 778145.4665004256 | JF14: 783481.6009640376 | JG14: 788454.9269063721 | JH14: 794218.9821415764 | JI14: 800446.6183681572 | JJ14: 807129.1245055528 | JK14: 814619.0851509931 | JL14: 823499.1118728941 | JM14: 831227.3128467709 | JN14: 835492.7845601354 | JO14: 834792.3427609829 | JP14: 829302.0819137354 | JQ14: 819373.7581699612 | JR14: 807478.43 | JS14: 796846.4938177435 | JT14: 788158.1256010858 | JU14: 780353.6924004536 | JV14: 772223.9510725272 | JW14: 764697.2147483799 | JX14: 759129.6593665975 | JY14: 756051.7094612159 | JZ14: 755388.4291255213 | KA14: 756386.2321936971 | KB14: 758754.8372154649 | KC14: 761892.0138484606 | KD14: 765174.6775373075 | KE14: 766677.1208470463 | KF14: 766182.6550947096 | KG14: 762842.9148252116 | KH14: 759604.3441824225 | KI14: 757336.1532159239 | KJ14: 759159.5575617518 | KK14: 762543.8977265338 | KL14: 765318.5568835858 | KM14: 763802.6672493122 | KN14: 761813.0291518631 | KO14: 758956.4870158551 | KP14: 757922.5648076622 | KQ14: 755824.84 | KR14: 754812.1671422353 | KS14: 753992.1471055389 | KT14: 752964.1 | KU14: 752168.6085505373 | KV14: 749249.9301341124 | KW14: 744876.8042083957 | KX14: 737787.3521398082 | KY14: 730562.1719609989 | KZ14: 724283.1280640498 | LA14: 719378.1397963207 | LB14: 716523.6702320105
A15: 395025 | B15: 13 | C15: Riverside, CA | D15: msa | E15: CA | F15: 121077.36528955285 | G15: 121627.56324146614 | H15: 122188.4468687212 | I15: 123367.74572286439 | J15: 124619.40398030427 | K15: 125981.89749073476 | L15: 127326.88271784724 | M15: 128797.96935304349 | N15: 130291.21070473264 | O15: 131828.78426215381 | P15: 133202.00948138308 | Q15: 134428.29918249045 | R15: 135669.51708590589 | S15: 136829.38 | T15: 138180.95896248438 | U15: 139544.31155378325 | V15: 140990.5641002128 | W15: 142409.39720171143 | X15: 143983.65767456466 | Y15: 145809.65046458406 | Z15: 147544.17710670768 | AA15: 149062.3723480708 | AB15: 150324.97156347867 | AC15: 151591.40561438503 | AD15: 152787.34423831702 | AE15: 153917.29 | AF15: 154975.89450241256 | AG15: 156107.49838756266 | AH15: 157387.62185775224 | AI15: 159065.82349924778 | AJ15: 160936.05562353652 | AK15: 163182.45133663123 | AL15: 165453.26527984822 | AM15: 167627.2859489409 | AN15: 169655.44313109634 | AO15: 171478.73428309037 | AP15: 173382.29804469252 | AQ15: 175040.92959112138 | AR15: 176922.5258968162 | AS15: 179069.0781899367 | AT15: 181684.91954400972 | AU15: 184349.25117685972 | AV15: 187030.62778507182 | AW15: 189888.4004078193 | AX15: 192728.66937782252 | AY15: 195713.10033496298 | AZ15: 198580.50876026982 | BA15: 201425.69648739987 | BB15: 204004.5785903108 | BC15: 206943.9022196513 | BD15: 210601.5613312073 | BE15: 214884.16066730217 | BF15: 219381.7119925254 | BG15: 224692.86897516678 | BH15: 230828.62294824456 | BI15: 238072.58252277528 | BJ15: 244455.2458287232 | BK15: 250287.52943265924 | BL15: 254641.9093512094 | BM15: 259728.64385984265 | BN15: 263961.2588642354 | BO15: 269111.1651544967 | BP15: 273558.84 | BQ15: 279583.81603465974 | BR15: 284599.25685911597 | BS15: 289550.5058876457 | BT15: 293788.8415728121 | BU15: 298523.6886538682 | BV15: 303409.24324461725 | BW15: 307992.1651120987 | BX15: 311950.9351573265 | BY15: 315100.79923988547 | BZ15: 318026.3931703558 | CA15: 320790.5232101784 | CB15: 323822.2657525533 | CC15: 326466.5044590677 | CD15: 328749.7949302005 | CE15: 330608.93 | CF15: 331944.3799234176 | CG15: 332903.5236145394 | CH15: 333672.34940479766 | CI15: 334087.6568593557 | CJ15: 334212.5976679641 | CK15: 333840.41437039804 | CL15: 333344.5078872231 | CM15: 333156.2 | CN15: 332279.7049121973 | CO15: 330667.45686721365 | CP15: 327821.9425650284 | CQ15: 324505.6916654445 | CR15: 320843.02 | CS15: 316442.6169478008 | CT15: 311589.77811931155 | CU15: 306530.05 | CV15: 301794.8879632052 | CW15: 297439.0496489671 | CX15: 293206.6069184532 | CY15: 287953.5836956429 | CZ15: 280895.0541999349 | DA15: 272590.8000925909 | DB15: 264566.50148773874 | DC15: 257427.6434264253 | DD15: 249928.54960475312 | DE15: 242168.20366612627 | DF15: 234465.87741696302 | DG15: 228654.2529067553 | DH15: 222961.47409016165 | DI15: 216788.06772978356 | DJ15: 210192.52025484282 | DK15: 206089.40798983173 | DL15: 203475.13852838465 | DM15: 201143.45441283632 | DN15: 197665.07965679324 | DO15: 194959.09 | DP15: 192663.16218838232 | DQ15: 190130.4502962718 | DR15: 186928.84983505504 | DS15: 184435.1788235558 | DT15: 183772.0386521183 | DU15: 184496.2171578141 | DV15: 185854.71577671016 | DW15: 186407.98013347457 | DX15: 186695.3621663856 | DY15: 186796.61444294735 | DZ15: 187125.54049947218 | EA15: 186674.93790789976 | EB15: 185688.93173752518 | EC15: 183396.57740980285 | ED15: 181635.79581662136 | EE15: 179412.27628416382 | EF15: 178720.28971539217 | EG15: 178423.09 | EH15: 178480.31 | EI15: 177940.27420523993 | EJ15: 177025.95721793835 | EK15: 175799.2141964056 | EL15: 174733.72222235077 | EM15: 173002.96275418517 | EN15: 171413.60740357373 | EO15: 169893.2489845786 | EP15: 168659.15173015508 | EQ15: 167529.34226674124 | ER15: 166743.66526671415 | ES15: 166310.6920183176 | ET15: 166142.6449856871 | EU15: 165322.98498515494 | EV15: 164342.22326545735 | EW15: 163583.68558814356 | EX15: 163678.63051587937 | EY15: 164206.01931229045 | EZ15: 164815.2805890741 | FA15: 165543.1272846686 | FB15: 166895.1383157379 | FC15: 168842.42 | FD15: 171177.08534807237 | FE15: 173902.2124268281 | FF15: 176661.49737995185 | FG15: 178941.41125406316 | FH15: 181200.8119417924 | FI15: 184019.6696281948 | FJ15: 188060.39080831688 | FK15: 192431.03170339018 | FL15: 196392.25660285074 | FM15: 200273.76777049588 | FN15: 204611.5010135127 | FO15: 209394.75199752126 | FP15: 213689.7431395297 | FQ15: 216840.1527775971 | FR15: 219158.54409285574 | FS15: 221166.08139092234 | FT15: 223488.6932513288 | FU15: 226122.33800665205 | FV15: 228937.31658595047 | FW15: 231124.70852526592 | FX15: 232784.5684334498 | FY15: 233925.03750888328 | FZ15: 235147.07868567307 | GA15: 236220.66663245237 | GB15: 237667.69470521822 | GC15: 239235.88753947883 | GD15: 240628.97266257554 | GE15: 241358.25699051423 | GF15: 241716.85098955632 | GG15: 242241.0178904032 | GH15: 243372.6898939731 | GI15: 244570.98393227058 | GJ15: 245859.5626989832 | GK15: 246957.00325274223 | GL15: 247892.10706714782 | GM15: 248620.3342324749 | GN15: 248946.47602561218 | GO15: 249148.5140360803 | GP15: 249851.95 | GQ15: 251178.56 | GR15: 252741.34517235262 | GS15: 254152.3454730392 | GT15: 255081.75073769738 | GU15: 255990.32317132817 | GV15: 255898.47755047036 | GW15: 255560.12641463112 | GX15: 254023.21325389863 | GY15: 252238.22172168133 | GZ15: 249967.04175428217 | HA15: 248498.71775532208 | HB15: 249329.78155549007 | HC15: 252361.72944164448 | HD15: 256901.5562266576 | HE15: 261076.14 | HF15: 264173.3267859476 | HG15: 266813.5722491135 | HH15: 269013.47 | HI15: 271890.7364454481 | HJ15: 275259.9109456945 | HK15: 279447.9702287659 | HL15: 283295.46847044915 | HM15: 286814.91126348544 | HN15: 289402.2768439677 | HO15: 291323.04572606646 | HP15: 292484.6382328311 | HQ15: 293113.98498992395 | HR15: 293919.5601287733 | HS15: 294684.77248244913 | HT15: 296302.31173731183 | HU15: 298393.69132458506 | HV15: 300966.9717119515 | HW15: 303587.9602512811 | HX15: 305712.4636264911 | HY15: 307602.41727244813 | HZ15: 309627.8558868221 | IA15: 311980.1428434083 | IB15: 314304.3196904598 | IC15: 315848.61377269356 | ID15: 316331.1066414005 | IE15: 316410.9921665177 | IF15: 316432.9842672039 | IG15: 316923.7106524953 | IH15: 318015.29540148546 | II15: 319791.1887691908 | IJ15: 322299.68512037746 | IK15: 324799.5526996178 | IL15: 326543.5 | IM15: 327270.1270908133 | IN15: 327413.78664482996 | IO15: 327309.66706985544 | IP15: 326722.3962311014 | IQ15: 325332.2431246002 | IR15: 324041.1300395961 | IS15: 324131.91058904614 | IT15: 326568.9136975732 | IU15: 330816.06312642834 | IV15: 336923.4302436207 | IW15: 343750.93391421734 | IX15: 349985.31793083576 | IY15: 354824.48050647235 | IZ15: 358932.47435884224 | JA15: 364348.9172115591 | JB15: 372218.66540237766 | JC15: 381801.61203228886 | JD15: 391878.7752490262 | JE15: 401311.3142958447 | JF15: 410119.28350801236 | JG15: 418435.8319989846 | JH15: 426554.0787632474 | JI15: 434719.6784888303 | JJ15: 443047.2012122672 | JK15: 451621.5774899518 | JL15: 461256.3548725836 | JM15: 471966.84963538527 | JN15: 482440.7609622904 | JO15: 491304.6510459234 | JP15: 496239.5044829091 | JQ15: 497352.55522402393 | JR15: 495561.94131654367 | JS15: 493833.20007758867 | JT15: 492233.6314633062 | JU15: 490532.72874336067 | JV15: 486504.89459769375 | JW15: 481298.3705315305 | JX15: 476147.5064107832 | JY15: 473665.56446125143 | JZ15: 473673.48479699605 | KA15: 475620.9709886932 | KB15: 478324.1686026499 | KC15: 481417.80743394437 | KD15: 484321.4196261843 | KE15: 486865.6182812389 | KF15: 488662.3140374227 | KG15: 489598.41566459386 | KH15: 489992.5822192435 | KI15: 490115.87415183685 | KJ15: 490646.18 | KK15: 490907.60367228644 | KL15: 491354.47534547467 | KM15: 490679.1558665796 | KN15: 490489.5266562474 | KO15: 490289.7114274812 | KP15: 490853.1898582683 | KQ15: 491048.32 | KR15: 491088.0980465959 | KS15: 491082.4716485678 | KT15: 490644.58 | KU15: 490075.8425606528 | KV15: 488482.53328086017 | KW15: 486980.34661459416 | KX15: 485037.2614435624 | KY15: 483382.6916598915 | KZ15: 481677.7096368582 | LA15: 480522.3978629466 | LB15: 479755.96727896674
A16: 394532 | B16: 14 | C16: Detroit, MI | D16: msa | E16: MI | F16: 140315.19469311976 | G16: 140491.91554216645 | H16: 140833.09503848062 | I16: 141498.37540707586 | J16: 142376.42144189685 | K16: 143323.4474794371 | L16: 144617.82901194112 | M16: 145838.08744586795 | N16: 146960.49427617565 | O16: 147731.18846044203 | P16: 148607.03307866017 | Q16: 149572.57794287775 | R16: 150449 | S16: 151146.76511061547 | T16: 151707.33677768198 | U16: 152304.44 | V16: 152949.43943762183 | W16: 153595.99956089948 | X16: 154266.50491371183 | Y16: 154977.98523834845 | Z16: 155756.32919753273 | AA16: 156597.59717695013 | AB16: 157417.02061901122 | AC16: 158228.57376534774 | AD16: 158881.57784845086 | AE16: 159398.01417131958 | AF16: 159773.09667132318 | AG16: 160115.57253969988 | AH16: 160461.67862261072 | AI16: 160877.57000191588 | AJ16: 161286.9175085105 | AK16: 161773.97113071172 | AL16: 162290.45171668232 | AM16: 162874.19689403079 | AN16: 163400.09816224905 | AO16: 163889.52918410255 | AP16: 164229.67928357716 | AQ16: 164503.99782398526 | AR16: 164569.61563688444 | AS16: 164742.05628583726 | AT16: 164937.12033316572 | AU16: 165184.48885036746 | AV16: 165404.3331759714 | AW16: 165669.92323664608 | AX16: 166080.1955532586 | AY16: 166582.4954280929 | AZ16: 167172.92333330843 | BA16: 167728.03812921018 | BB16: 168169.69713598644 | BC16: 168373.90840221263 | BD16: 168555.65132647395 | BE16: 168740.09186678138 | BF16: 169070.63366224608 | BG16: 169404.79443426503 | BH16: 169781.02241184714 | BI16: 170170.3903693964 | BJ16: 170565.4613837996 | BK16: 171031.22555510464 | BL16: 171401.4090396664 | BM16: 171783.3408100936 | BN16: 172008.34651099195 | BO16: 172127.84832502017 | BP16: 172143.55762583512 | BQ16: 172208.75523314855 | BR16: 172361.92072832177 | BS16: 172401.6746089829 | BT16: 172323.72169795082 | BU16: 172294.2215907403 | BV16: 172423.50636992932 | BW16: 172662.20514375612 | BX16: 172862.49536920086 | BY16: 173023.90483682413 | BZ16: 173052.78477773213 | CA16: 173010.45276436015 | CB16: 172818.40607129064 | CC16: 172634.39482232765 | CD16: 172426.28664646644 | CE16: 172207.87732787424 | CF16: 171844.59894986937 | CG16: 171283.48 | CH16: 170591.20622726096 | CI16: 169869.3516639036 | CJ16: 169085.27788001063 | CK16: 168226.3813676062 | CL16: 167074.44883428022 | CM16: 165880.14567003262 | CN16: 164515.36340973864 | CO16: 163290.57671047456 | CP16: 162009.56898307786 | CQ16: 160949.27582772437 | CR16: 159912.38338681296 | CS16: 158905.97346806942 | CT16: 157586.6944538952 | CU16: 156083.60402470749 | CV16: 154543.2976624728 | CW16: 153155.67523519867 | CX16: 151567.08941527072 | CY16: 150085.09491757225 | CZ16: 148490.76700910574 | DA16: 146830.42704019873 | DB16: 145093.94199712132 | DC16: 143372.72840104715 | DD16: 141607.29786422875 | DE16: 139137.9338088294 | DF16: 136427.12790739545 | DG16: 134272.16104157604 | DH16: 132682.4570825959 | DI16: 130751.66513841266 | DJ16: 127452.0004221794 | DK16: 123514.02350379904 | DL16: 119875.3663351466 | DM16: 117471.30931214117 | DN16: 115929.59790288523 | DO16: 114456.74652857322 | DP16: 113017.75645223081 | DQ16: 111412.68231699629 | DR16: 109851.86398065828 | DS16: 107953.59398807351 | DT16: 105990.90465823164 | DU16: 104205.21929396993 | DV16: 102855.91330731231 | DW16: 101618.89661936677 | DX16: 100587.84585933074 | DY16: 99820.38716581078 | DZ16: 99435.60066816832 | EA16: 99251.833 | EB16: 98867.07766635006 | EC16: 98369.57923794561 | ED16: 97753.00738511873 | EE16: 97015.08619422745 | EF16: 96016.95452923728 | EG16: 94883.67791170922 | EH16: 93594.22916722542 | EI16: 92550.24568853667 | EJ16: 91786.12237905145 | EK16: 91277.17986337427 | EL16: 90840.61200352095 | EM16: 90304.928 | EN16: 90031.55856626567 | EO16: 89933.761 | EP16: 90140.98699054976 | EQ16: 90424.09673561687 | ER16: 90650.88681172027 | ES16: 90796.355 | ET16: 90644.89438313675 | EU16: 90529.87592382827 | EV16: 90586.16781130894 | EW16: 91114.44491315396 | EX16: 91984.38280297932 | EY16: 93007.16173077987 | EZ16: 94342.37617086439 | FA16: 95612.31377197326 | FB16: 97041.82608856454 | FC16: 98207.41439710115 | FD16: 99341.707 | FE16: 100344.49502971854 | FF16: 101713.43767923978 | FG16: 103414.1476017474 | FH16: 105417.83730001647 | FI16: 107608.63630010658 | FJ16: 110105.17441694134 | FK16: 112887.0076882196 | FL16: 115480.5143892007 | FM16: 117990.82130047672 | FN16: 120367.67690922228 | FO16: 122748.3444548195 | FP16: 124693.03766863904 | FQ16: 126309.11699392412 | FR16: 127972.02117389307 | FS16: 129934.05363422663 | FT16: 131950.1408779512 | FU16: 134037.64286228555 | FV16: 135943.24608857208 | FW16: 137836.15642623336 | FX16: 139387.15823867565 | FY16: 140601.9988993957 | FZ16: 141464.70236980938 | GA16: 141983.90639980955 | GB16: 142592.76232557016 | GC16: 143268.3090014728 | GD16: 144296.08348330893 | GE16: 145424.64931316444 | GF16: 146752.37925557792 | GG16: 148062.11024805636 | GH16: 149283.6184831938 | GI16: 150146.68118942901 | GJ16: 150573.5039634644 | GK16: 150927.02470707477 | GL16: 151284.93946753387 | GM16: 151843.9142832834 | GN16: 152444.24879536685 | GO16: 153228.51486105818 | GP16: 154412.8043280189 | GQ16: 155512.24033253905 | GR16: 156373.8954496095 | GS16: 157215.83100088892 | GT16: 158109.93139897726 | GU16: 159292.57573679238 | GV16: 159888.4594495389 | GW16: 160292.4555528143 | GX16: 160544.08705214443 | GY16: 161073.48487896766 | GZ16: 161892.63202490137 | HA16: 162980.31753537836 | HB16: 164308.85213941033 | HC16: 165774.96338666938 | HD16: 167292.06359462088 | HE16: 168604.05986917624 | HF16: 169530.6116004833 | HG16: 170413.8376331925 | HH16: 171120.14783011857 | HI16: 171914.6729593762 | HJ16: 172445.16746113604 | HK16: 173190.9341088756 | HL16: 174247.93942392114 | HM16: 175563.02187860917 | HN16: 176992.43505500082 | HO16: 178322.92376672756 | HP16: 179873.25811332607 | HQ16: 181379.5294238807 | HR16: 182887.05724528283 | HS16: 184001.1661610287 | HT16: 185227.95986760096 | HU16: 186180.60589148602 | HV16: 187073.69930041753 | HW16: 187564.9330142977 | HX16: 188094.1236204347 | HY16: 188722.00146608255 | HZ16: 189739.9706265917 | IA16: 190853.18832250495 | IB16: 191955.48732806952 | IC16: 192803.9039028287 | ID16: 193553.97727272855 | IE16: 194024.79159257727 | IF16: 194050.71096133767 | IG16: 193761.08271368174 | IH16: 193349.81729355373 | II16: 193239.9033367884 | IJ16: 193560.29225043932 | IK16: 194038.5938011566 | IL16: 194806.03982720946 | IM16: 195635.77784742214 | IN16: 196580.79027310488 | IO16: 197101.38163635225 | IP16: 197049.4982576085 | IQ16: 196829.8157298255 | IR16: 196841.65424367436 | IS16: 197326.74671426186 | IT16: 198311.7548905677 | IU16: 199690.37341449157 | IV16: 201457.18091425145 | IW16: 203249.49943997667 | IX16: 204962.74143814843 | IY16: 206747.80581646235 | IZ16: 208868.93818676673 | JA16: 211409.6193432916 | JB16: 214471.1327800668 | JC16: 217693.7125006416 | JD16: 220933.73696090459 | JE16: 223768.97 | JF16: 226073.77739095598 | JG16: 227889.5595068912 | JH16: 229426.4232074469 | JI16: 230897.8204119258 | JJ16: 232380.34 | JK16: 234164.20618330673 | JL16: 236658.67241547172 | JM16: 240024.29495337317 | JN16: 243491.68616141996 | JO16: 246592.1728839778 | JP16: 248084.65070190016 | JQ16: 248133.98404050237 | JR16: 247252.7778282604 | JS16: 246685.38 | JT16: 246487.9723469522 | JU16: 246307.58306470048 | JV16: 245447.32020950087 | JW16: 244495.3618051669 | JX16: 243572.14253981854 | JY16: 243595.2303073537 | JZ16: 244406.74679852815 | KA16: 245912.65551476172 | KB16: 247496.76111762575 | KC16: 248974.28324754784 | KD16: 250409.83205150464 | KE16: 251788.83050364346 | KF16: 252773.74483151882 | KG16: 252923.8835829002 | KH16: 252956.7676257722 | KI16: 253611.25 | KJ16: 255419.27405222467 | KK16: 257441.11219307382 | KL16: 258713.10923397297 | KM16: 258943.5677699652 | KN16: 258588.58 | KO16: 258519.24843566222 | KP16: 258668.80405957825 | KQ16: 259106.87182722907 | KR16: 259402.77910474583 | KS16: 260121.20871004649 | KT16: 261278.66424533224 | KU16: 262551.6024143532 | KV16: 263307.5343604337 | KW16: 263843.9366125495 | KX16: 264316.34753508354 | KY16: 264947.16300442134 | KZ16: 265631.1237973385 | LA16: 266454.09306634404 | LB16: 267335.5018323468
A17: 395078 | B17: 15 | C17: Seattle, WA | D17: msa | E17: WA | F17: 169227.92997481232 | G17: 169758.32957948436 | H17: 170284.38503462294 | I17: 171370.34140899335 | J17: 172666.42641140238 | K17: 173881.95982088984 | L17: 175222.52 | M17: 176269.07844316366 | N17: 177238.80319858468 | O17: 178001.05348139597 | P17: 178817.68910747822 | Q17: 179748.14982743026 | R17: 180762.2099292225 | S17: 181804.10174137994 | T17: 182890.5935243964 | U17: 183929.52490945524 | V17: 184820.46004679953 | W17: 185624.48 | X17: 186338.98754421654 | Y17: 187137.67009412407 | Z17: 187752.3252493308 | AA17: 188422.91157189422 | AB17: 188992.72672378048 | AC17: 189819.65254627043 | AD17: 190415.04072736073 | AE17: 191019.1512858694 | AF17: 191501.28814372988 | AG17: 192214.25117003196 | AH17: 192926.29445896452 | AI17: 193536.04259644667 | AJ17: 194002.44194953074 | AK17: 194482.68785266674 | AL17: 194938.1022692459 | AM17: 195382.76390547372 | AN17: 195758.97540834828 | AO17: 195809.9453312149 | AP17: 196140.8590769494 | AQ17: 196413.80638351446 | AR17: 197171.4915070222 | AS17: 197778.23084933768 | AT17: 198627.6997910613 | AU17: 199353.58929096992 | AV17: 200004.03336304228 | AW17: 200735.00282436932 | AX17: 201446.12604412533 | AY17: 202140.50276396048 | AZ17: 202539.68168717253 | BA17: 203156.24680050815 | BB17: 204101.50113472747 | BC17: 205253.0072897904 | BD17: 206250.93239550092 | BE17: 207319.40644997152 | BF17: 208745.3586616173 | BG17: 210579.12623923752 | BH17: 212252.81746873746 | BI17: 213688.86752213511 | BJ17: 214998.60926936343 | BK17: 216184.17169568376 | BL17: 217365.82312064644 | BM17: 218708.18914600788 | BN17: 220426.44046022286 | BO17: 221963.72291803826 | BP17: 223818.73155385113 | BQ17: 225877.35614930885 | BR17: 228361.89750800014 | BS17: 231282.3789055173 | BT17: 234707.91493051124 | BU17: 238711.98505193807 | BV17: 242379.33488889007 | BW17: 245649.62576283026 | BX17: 248716.1351820197 | BY17: 251772.0488711228 | BZ17: 254297.3969016668 | CA17: 257324.95328262533 | CB17: 260560.33912438818 | CC17: 264631.66706802853 | CD17: 268789.53 | CE17: 272936.05119746336 | CF17: 277064.0128775789 | CG17: 280936.4668775354 | CH17: 284461.7964403587 | CI17: 287796.6089103414 | CJ17: 290325.6099218623 | CK17: 292062.7984499221 | CL17: 293167.5679653192 | CM17: 294639.7408744311 | CN17: 297313.5021642572 | CO17: 300815.9087624251 | CP17: 303959.3012157404 | CQ17: 306138.41649370664 | CR17: 307510.2755750264 | CS17: 309181.7065961377 | CT17: 310531.85026113066 | CU17: 310707.00880756305 | CV17: 309628.89 | CW17: 308461.23728413833 | CX17: 307550.3279029252 | CY17: 306806.5791577543 | CZ17: 305877.2183943051 | DA17: 302649.5382284099 | DB17: 297953.35299513274 | DC17: 293239.2621662743 | DD17: 290588.29340840486 | DE17: 287753.92504358076 | DF17: 284366.63549508346 | DG17: 280839.31726386043 | DH17: 278166.1353934708 | DI17: 274751.5485715735 | DJ17: 272617.3669871791 | DK17: 270534.16519139375 | DL17: 268940.50421982334 | DM17: 265546.71587602986 | DN17: 262083.28761153264 | DO17: 258544.3530028532 | DP17: 255803.88498387858 | DQ17: 253243.99075420373 | DR17: 251330.90486831602 | DS17: 250020.64772700323 | DT17: 249536.77936377213 | DU17: 249652.90849500697 | DV17: 247421.14336188394 | DW17: 244341.89348811065 | DX17: 240324.48759238143 | DY17: 238900.49209011797 | DZ17: 238288.18000486857 | EA17: 237444.20713071758 | EB17: 235290.08798473142 | EC17: 232161.01363287834 | ED17: 229227.61827160002 | EE17: 225841.19895171523 | EF17: 222614.32685071471 | EG17: 219356.77877730227 | EH17: 216744.64674575525 | EI17: 214543.25265520092 | EJ17: 212007.82976271925 | EK17: 209348.47519096328 | EL17: 205649.12310562035 | EM17: 202224.14784133816 | EN17: 198608.92033093775 | EO17: 195575.82534336965 | EP17: 192678.02464056775 | EQ17: 190096.5198696341 | ER17: 187920.89258617745 | ES17: 185983.0298731442 | ET17: 184549.71440382372 | EU17: 182697.32705466016 | EV17: 180376.20783180333 | EW17: 177530.49784174794 | EX17: 174755.0671473085 | EY17: 172912.4958431848 | EZ17: 171979.47683287118 | FA17: 171881.6285884166 | FB17: 172401.52868226435 | FC17: 173528.64499060434 | FD17: 175331.25440779107 | FE17: 177653.20767715384 | FF17: 180533.6395743025 | FG17: 183547.18633816685 | FH17: 186264.34718230684 | FI17: 188534.50801951668 | FJ17: 190659.61196807993 | FK17: 192641.3663839424 | FL17: 194504.4493632143 | FM17: 196455.34923357298 | FN17: 198959.79130692992 | FO17: 201855.26538457567 | FP17: 204592.81171172144 | FQ17: 207168.46887036753 | FR17: 209707.39201430813 | FS17: 212128.27787149674 | FT17: 214244.54124514313 | FU17: 215924.23104798165 | FV17: 217850.1686815465 | FW17: 219298.77727109194 | FX17: 220519.6318099849 | FY17: 221434.13595583514 | FZ17: 222570.9806121425 | GA17: 223777.0368091961 | GB17: 225311.87140352197 | GC17: 227498.63894612723 | GD17: 230275.41130171032 | GE17: 233282.74587775604 | GF17: 236075.37908091306 | GG17: 238514.05409048373 | GH17: 240735.11345007224 | GI17: 242511.2797197647 | GJ17: 244372.74590165293 | GK17: 246676.6477658619 | GL17: 249638.54402759406 | GM17: 253178.2976284876 | GN17: 256892.76 | GO17: 260963.56576698192 | GP17: 265319.8208317233 | GQ17: 269573.50259381585 | GR17: 273571.8210830506 | GS17: 277395.3742255177 | GT17: 281032.4605930795 | GU17: 284546.75668898836 | GV17: 287242.8615216509 | GW17: 289692.04 | GX17: 292087.9444048884 | GY17: 294787.69585718034 | GZ17: 297859.68560547964 | HA17: 301411.55134217546 | HB17: 305500.9182037076 | HC17: 310429.3315181189 | HD17: 315834.81 | HE17: 321287.8550792159 | HF17: 326080.1446232296 | HG17: 330892.7110229702 | HH17: 335674.1707871538 | HI17: 340645.2477521734 | HJ17: 344827.11500936904 | HK17: 348703.3298108611 | HL17: 352238.36629163317 | HM17: 356465.18657012563 | HN17: 361007.08821869636 | HO17: 366423.2054802712 | HP17: 372747.0377548041 | HQ17: 379005.9133192889 | HR17: 384655.23561508564 | HS17: 388105.73 | HT17: 391229.5986207214 | HU17: 392781.2221034525 | HV17: 393034.0438781921 | HW17: 391815.0350123872 | HX17: 390443.55745984736 | HY17: 389425.8782737684 | HZ17: 388240.46083130344 | IA17: 386841.9917182981 | IB17: 385786.08700050245 | IC17: 385183.52085559565 | ID17: 385047.9659111469 | IE17: 384801.3051833212 | IF17: 384024.26301846374 | IG17: 382949.19585411856 | IH17: 381834.25407563854 | II17: 381556.83413466625 | IJ17: 382249.0159052539 | IK17: 383922.95627248334 | IL17: 386135.08355109143 | IM17: 388821.96689290676 | IN17: 391971.1436613935 | IO17: 395235.35455954657 | IP17: 396843.80193386506 | IQ17: 396901.93034230516 | IR17: 396042.1740303205 | IS17: 396180.1882595878 | IT17: 397756.49690190953 | IU17: 400583.40838713356 | IV17: 404449.0695251003 | IW17: 408309.41957456386 | IX17: 411735.2059662408 | IY17: 414913.27861232526 | IZ17: 418300.20882483455 | JA17: 422560.84 | JB17: 427680.70229103975 | JC17: 433491.66156093637 | JD17: 439339.00114654977 | JE17: 444342.44136194076 | JF17: 448654.2025461485 | JG17: 452859.3236216461 | JH17: 457667.4647318542 | JI17: 463644.69224966975 | JJ17: 471357.8110101032 | JK17: 480632.07467969926 | JL17: 491571.1119034257 | JM17: 502768.7457008511 | JN17: 511577.06304100965 | JO17: 515870.8657007693 | JP17: 514370.2057850619 | JQ17: 509135.12060791365 | JR17: 502446.4260178811 | JS17: 497491.15 | JT17: 494556.5958348583 | JU17: 492207.57061508956 | JV17: 489200.9199501562 | JW17: 485696.5661428624 | JX17: 482152.6635244154 | JY17: 479612.7403720398 | JZ17: 478130.62219097017 | KA17: 478183.0837741865 | KB17: 478920.86 | KC17: 480636.0038980882 | KD17: 482743.7081212294 | KE17: 484359.7550794766 | KF17: 485286.50279234984 | KG17: 485164.1421265343 | KH17: 485758.74 | KI17: 486513.92285174085 | KJ17: 488452.0406489359 | KK17: 489597.11868129816 | KL17: 490193.9545025818 | KM17: 489070.4760498389 | KN17: 487930.54905277834 | KO17: 486895.25944390014 | KP17: 487119.02164705074 | KQ17: 487654.8531748985 | KR17: 487884.6776899733 | KS17: 488208.5069127925 | KT17: 488635.4490856141 | KU17: 488914.31 | KV17: 487363.98455395206 | KW17: 483950.62876017974 | KX17: 479290.8069651951 | KY17: 474799.34226309904 | KZ17: 470935.53397415066 | LA17: 468652.38 | LB17: 467803.06125643826
A18: 394865 | B18: 16 | C18: Minneapolis, MN | D18: msa | E18: MN | F18: 97051.72506270536 | G18: 97422.30154670008 | H18: 97774.78037487502 | I18: 98602.34529193252 | J18: 99552.148 | K18: 100654.5590275292 | L18: 101904.8413426244 | M18: 103635.34522866132 | N18: 105450.16112296608 | O18: 107262.93959330975 | P18: 108697.04797550756 | Q18: 110153.98850276809 | R18: 111493.63265358552 | S18: 112719.76245758515 | T18: 113935.18454561538 | U18: 115201.38976104536 | V18: 116424.16642842842 | W18: 117660.62 | X18: 118958.02995518483 | Y18: 120442.36860561398 | Z18: 122027.80308401557 | AA18: 123702.4609991229 | AB18: 125303.66617713466 | AC18: 126710.91862912453 | AD18: 127868.0373433156 | AE18: 128850.63924119937 | AF18: 129729.40389054893 | AG18: 130577.70456814428 | AH18: 131747.5001335478 | AI18: 132999.07318432358 | AJ18: 134368.89696001736 | AK18: 135555.74637921754 | AL18: 136746.1328543991 | AM18: 137893.23355004194 | AN18: 139043.59878796546 | AO18: 140281.5315083731 | AP18: 141495.16854327745 | AQ18: 142578.81782532446 | AR18: 143564.39883403262 | AS18: 144465.33819079897 | AT18: 145445.44727181384 | AU18: 146339.6116741144 | AV18: 147317.0790202395 | AW18: 148160.0650793369 | AX18: 148964.56937821532 | AY18: 149655.6833426746 | AZ18: 150468.47898049213 | BA18: 151319.9262253358 | BB18: 152127.3046102205 | BC18: 152913.44172202906 | BD18: 153707.25351238254 | BE18: 154686.0197777291 | BF18: 155714.25140590055 | BG18: 156803.9291197482 | BH18: 157755.1932504388 | BI18: 158586.62299044224 | BJ18: 159383.1612959137 | BK18: 160065.75305341478 | BL18: 160571.61144320085 | BM18: 161057.96755582618 | BN18: 161753.62 | BO18: 162674.4959360038 | BP18: 163376.6153547646 | BQ18: 164155.72882217192 | BR18: 164976.27712467423 | BS18: 165883.76645099252 | BT18: 166527.38366607382 | BU18: 166805.47405228752 | BV18: 167102.90114571308 | BW18: 167339.26165392066 | BX18: 167732.38024786665 | BY18: 168038.03201843856 | BZ18: 168235.2877814664 | CA18: 168380.19735346097 | CB18: 168454.51949956498 | CC18: 168704.77812551704 | CD18: 168926.65307635837 | CE18: 169177.93884460782 | CF18: 169169.93516250828 | CG18: 168897.7047781738 | CH18: 168297.68088350425 | CI18: 167718.35493447012 | CJ18: 167199.0216561354 | CK18: 166934.51633587488 | CL18: 166794.73908848298 | CM18: 166800.42409134706 | CN18: 166615.9804229032 | CO18: 166243.12396409892 | CP18: 165610.78375703355 | CQ18: 164985.96440242257 | CR18: 164200.12488906298 | CS18: 163453.65034550565 | CT18: 162566.66277001277 | CU18: 161835.77470711246 | CV18: 160957.5396602302 | CW18: 159834.80691580308 | CX18: 158501.00028417775 | CY18: 156892.46398721976 | CZ18: 155441.22978754915 | DA18: 154201.1031781367 | DB18: 153243.40393803982 | DC18: 152481.00089668357 | DD18: 151356.38896885127 | DE18: 149696.0988597815 | DF18: 147612.0517084713 | DG18: 145443.5693204974 | DH18: 143575.6551728087 | DI18: 141922.82030101112 | DJ18: 140444.53528159807 | DK18: 138975.60007081463 | DL18: 137116.3269653196 | DM18: 135310.27517494655 | DN18: 134017.71858082915 | DO18: 133473.94642108335 | DP18: 133103.92800052083 | DQ18: 132748.75542936847 | DR18: 132101.90046785816 | DS18: 131278.49732361644 | DT18: 130217.59125814163 | DU18: 129313.25979496917 | DV18: 128651.48348227008 | DW18: 128219.89101342222 | DX18: 128066.83263240829 | DY18: 127830.99731431819 | DZ18: 127668.7784961067 | EA18: 127235.52072640292 | EB18: 126710.69713041598 | EC18: 125676.7000911646 | ED18: 124222.5424640635 | EE18: 122540.38151404912 | EF18: 121004.76348304441 | EG18: 119472.17958792883 | EH18: 117962.87299851916 | EI18: 116343.58616776504 | EJ18: 115076.33528564205 | EK18: 113732.58628279238 | EL18: 112367.5992312547 | EM18: 110707.90398350875 | EN18: 109068.76964805393 | EO18: 107562.0540674408 | EP18: 106256.98232688742 | EQ18: 105112.44817071198 | ER18: 103916.71083467467 | ES18: 102597.59384896618 | ET18: 101542.82683544431 | EU18: 100879.93500876101 | EV18: 100658.26049158315 | EW18: 100555.8475410515 | EX18: 100588.61134531279 | EY18: 100829.35676605057 | EZ18: 101451.24516255828 | FA18: 102264.82124443642 | FB18: 103305.79764426201 | FC18: 104511.89670641643 | FD18: 105729.91877788857 | FE18: 107029.21438968251 | FF18: 108356.22047909965 | FG18: 109814.82058311671 | FH18: 111385.8042538588 | FI18: 112720.67803881304 | FJ18: 113982.47504331869 | FK18: 115144.20060309353 | FL18: 116443.10193217701 | FM18: 118004.45506661966 | FN18: 119613.7542791703 | FO18: 121240.20485542453 | FP18: 122525.63085957781 | FQ18: 123659.43739915859 | FR18: 124576.54330773321 | FS18: 125703.69908278571 | FT18: 126910.32722549455 | FU18: 128114.43829738644 | FV18: 129132.52429446891 | FW18: 129952.72559882658 | FX18: 130747.99022059266 | FY18: 131458.2818064793 | FZ18: 132024.51155428312 | GA18: 132365.87271027864 | GB18: 132718.05468636428 | GC18: 133224.07796647967 | GD18: 133881.27808169363 | GE18: 134730.36086507363 | GF18: 135648.13315787236 | GG18: 136678.09531067093 | GH18: 137534.30428263693 | GI18: 138114.15439414448 | GJ18: 138561.92690932992 | GK18: 138983.8358030863 | GL18: 139482.43999046835 | GM18: 140119.37270257346 | GN18: 140934.30505820387 | GO18: 141967.9324818802 | GP18: 142892.1281968117 | GQ18: 143646.70299096452 | GR18: 144266.2888427151 | GS18: 145107.06103886056 | GT18: 145793.23504427087 | GU18: 146507.0140327222 | GV18: 146853.54100016467 | GW18: 147255.47392226153 | GX18: 147816.02836953057 | GY18: 148717.0131169091 | GZ18: 149921.97934356154 | HA18: 151118.86579908023 | HB18: 152208.3570237217 | HC18: 153300.48132846865 | HD18: 154468.42981795582 | HE18: 155918.69 | HF18: 157160.91006849468 | HG18: 158223.25 | HH18: 159098.7780212815 | HI18: 159898.75988173694 | HJ18: 160687.32970231326 | HK18: 161557.1429650243 | HL18: 162709.52376955593 | HM18: 164162.12489397856 | HN18: 165876.65664804468 | HO18: 168056.23837023726 | HP18: 170730.7402777174 | HQ18: 173365.05353248096 | HR18: 175539.14617343628 | HS18: 176856.7599490898 | HT18: 178137.3118033868 | HU18: 179188.23732558012 | HV18: 180175.72118318846 | HW18: 180611.52691736983 | HX18: 181115.71358502706 | HY18: 181813.58094625417 | HZ18: 182886.9690910702 | IA18: 184044.63383654808 | IB18: 185253.7158969808 | IC18: 186279.2148125686 | ID18: 187070.53394254923 | IE18: 187574.71935096508 | IF18: 187872.6116750314 | IG18: 188181.6161251449 | IH18: 188421.29612325164 | II18: 188757.70429234245 | IJ18: 189294.0417654869 | IK18: 190166.6594950522 | IL18: 191414.2072087958 | IM18: 192769.57886689552 | IN18: 194389.02817994173 | IO18: 195851.02336670482 | IP18: 196635.15526975182 | IQ18: 196359.27947237444 | IR18: 195581.04276704634 | IS18: 195180.54095506924 | IT18: 195681.55715729165 | IU18: 197010.7711223686 | IV18: 198830.00609220812 | IW18: 200650.74289168182 | IX18: 202175.05081150736 | IY18: 203567.27075272857 | IZ18: 205215.7145779796 | JA18: 207244.60740956815 | JB18: 209795.00686997004 | JC18: 212568.21579514793 | JD18: 215185.1504546746 | JE18: 216969.2029079151 | JF18: 217799.5008071507 | JG18: 217999.7737590714 | JH18: 218129.93895921423 | JI18: 218442.78659537123 | JJ18: 219052.82679898408 | JK18: 219860.5777856524 | JL18: 220637.0418241754 | JM18: 221696.6104067831 | JN18: 222763.02450917824 | JO18: 223850.78041393295 | JP18: 224051.80237712958 | JQ18: 223438.53610891922 | JR18: 222535.89439708614 | JS18: 222105.40831406656 | JT18: 221968.39994707404 | JU18: 221540.21102214136 | JV18: 220808.5693987878 | JW18: 220064.80755987324 | JX18: 219583.5247256623 | JY18: 219458.30078008902 | JZ18: 219519.18070302255 | KA18: 219891.9152424646 | KB18: 220296.0485934126 | KC18: 220789.0293129765 | KD18: 221119.59512105052 | KE18: 220910.0277206039 | KF18: 220572.88780396525 | KG18: 219921.56 | KH18: 219267.21955083974 | KI18: 218876.09210236548 | KJ18: 218623.27796246167 | KK18: 218648.40729753076 | KL18: 218118.94262790718 | KM18: 217507.8131880617 | KN18: 216950.40521579306 | KO18: 217166.62982682767 | KP18: 217367.9156498348 | KQ18: 217664.13144780206 | KR18: 217235.63000542216 | KS18: 217115.15001043878 | KT18: 217188.17271833136 | KU18: 217296.87015677887 | KV18: 217195.7237376198 | KW18: 216783.8247851005 | KX18: 216660.99773709488 | KY18: 216864.48193659665 | KZ18: 217261.02398239728 | LA18: 217728.6178011408 | LB18: 217957.95628403756
A19: 395056 | B19: 17 | C19: San Diego, CA | D19: msa | E19: CA | F19: 150606.79852593513 | G19: 151260.02031192931 | H19: 152035.80350354034 | I19: 153802.59156575278 | J19: 155744.55 | K19: 158180.77612306876 | L19: 160928.72475518775 | M19: 163916.74486304176 | N19: 166761.36084823706 | O19: 169249.5168485072 | P19: 171684.82542077647 | Q19: 173859.66584713705 | R19: 175770.26877066772 | S19: 177928.54355342383 | T19: 180745.93742455824 | U19: 184302.1652510135 | V19: 187704.5 | W19: 190514.12120209145 | X19: 192798.90074527092 | Y19: 194955.70787409076 | Z19: 197220.6856135917 | AA19: 199517.38880477697 | AB19: 201745.24379016296 | AC19: 203577.18631571264 | AD19: 205304.32174071274 | AE19: 206998.54977904505 | AF19: 209028.4921946615 | AG19: 211386.0832751107 | AH19: 214208.00639180714 | AI19: 217291.64 | AJ19: 221012.71289146846 | AK19: 225121.47651060307 | AL19: 229446.4741342141 | AM19: 233765.24797622146 | AN19: 237711.3577415503 | AO19: 241928.78669683958 | AP19: 245705.83070750526 | AQ19: 249412.84953261327 | AR19: 253242.74451825547 | AS19: 257266.18553388445 | AT19: 261567.8665775942 | AU19: 265235.0863102488 | AV19: 269389.1643540025 | AW19: 273206.6352721194 | AX19: 277639.1377918008 | AY19: 281619.1499402807 | AZ19: 285559.6962360255 | BA19: 287811.7360739193 | BB19: 290923.09472286917 | BC19: 295447.58658251935 | BD19: 301440.7621804923 | BE19: 307185.7358342861 | BF19: 312937.3226526355 | BG19: 321783.7650528618 | BH19: 331098.7544529691 | BI19: 340247.4165399003 | BJ19: 347577.0940899186 | BK19: 354549.6766444763 | BL19: 360288.12753983104 | BM19: 365109.3873814833 | BN19: 368262.16363357956 | BO19: 370894.37 | BP19: 374767.26497773104 | BQ19: 379830.3406344505 | BR19: 385142.53251517675 | BS19: 387772.13740878133 | BT19: 388757.74419080344 | BU19: 389277.68 | BV19: 389679.6099378963 | BW19: 389861.86604186223 | BX19: 389697.8507516606 | BY19: 389412.7309820885 | BZ19: 389887.8823523654 | CA19: 389461.2994767138 | CB19: 389216.7211259802 | CC19: 388445.8042469314 | CD19: 388694.25 | CE19: 387906.5049711449 | CF19: 385810.4892700542 | CG19: 382572.89666043984 | CH19: 379469.5728818897 | CI19: 376909.19878193596 | CJ19: 375277.9899794136 | CK19: 373483.71062597167 | CL19: 371968.23423310526 | CM19: 370106.3596612173 | CN19: 366641.5137973093 | CO19: 362795.5728190795 | CP19: 358576.57586657413 | CQ19: 355405.76906238165 | CR19: 351863.5599987293 | CS19: 349186.0544039887 | CT19: 346050.97028806945 | CU19: 343020.53244258737 | CV19: 339289.12437091727 | CW19: 336344.93474374217 | CX19: 332579.3770655713 | CY19: 327994.20396526245 | CZ19: 322540.19578454044 | DA19: 318109.24223788944 | DB19: 312984.68109959393 | DC19: 307733.8705714096 | DD19: 301522.1842472393 | DE19: 295552.8325337696 | DF19: 288443.3030204748 | DG19: 281860.5874199625 | DH19: 275709.1193781677 | DI19: 271339.3346290342 | DJ19: 267708.4478831975 | DK19: 265405.95622245205 | DL19: 264172.63699125213 | DM19: 261376.1171974002 | DN19: 258978.5120213111 | DO19: 254528.28225648435 | DP19: 252018.83144838258 | DQ19: 249037.9891307901 | DR19: 248428.26039060458 | DS19: 248119.91511291327 | DT19: 249493.13049150017 | DU19: 251100.69271530965 | DV19: 252967.7113015973 | DW19: 254167.34100170564 | DX19: 255323.53363527407 | DY19: 257028.37605245542 | DZ19: 257325.4855233512 | EA19: 256894.34389332947 | EB19: 255221.31949219652 | EC19: 253502.3757569963 | ED19: 251172.76910605983 | EE19: 248282.15156262947 | EF19: 245617.2198094623 | EG19: 244155.75 | EH19: 242977.03542867527 | EI19: 241969.56295385328 | EJ19: 240135.4741382003 | EK19: 238736.0933715614 | EL19: 237305.22225637568 | EM19: 236312.01220038324 | EN19: 234881.91508620084 | EO19: 232396.7118853872 | EP19: 229681.57735812748 | EQ19: 227383.69760509641 | ER19: 226138.9976079472 | ES19: 225018.12713614161 | ET19: 224786.55214390298 | EU19: 224724.9157868465 | EV19: 224488.8537969863 | EW19: 223466.1132702294 | EX19: 222986.48373137615 | EY19: 224099.57499473682 | EZ19: 225746.90153470382 | FA19: 227664.21628173432 | FB19: 230045.14295001238 | FC19: 233052.3747871193 | FD19: 236499.84547416214 | FE19: 240051.7198355134 | FF19: 244321.64969428637 | FG19: 248916.18842554392 | FH19: 253128.74182305628 | FI19: 257656.0523078233 | FJ19: 263269.2588953431 | FK19: 270205.5514686264 | FL19: 276734.6397286514 | FM19: 282909.5411690681 | FN19: 288680.11885916704 | FO19: 294163.55444687017 | FP19: 298112.88973369077 | FQ19: 300780.0032511822 | FR19: 302677.65371641517 | FS19: 305091.1571705873 | FT19: 307556.23360915115 | FU19: 310469.10299940495 | FV19: 313202.04806523427 | FW19: 315833.0332320412 | FX19: 317268.3 | FY19: 318135.1563766617 | FZ19: 318969.3111390795 | GA19: 320413.38820522744 | GB19: 322201.4799757228 | GC19: 324299.6032155168 | GD19: 326089.8554192079 | GE19: 327623.7916256779 | GF19: 328723.4511640798 | GG19: 329929.3234231991 | GH19: 331635.5559463519 | GI19: 333644.8551896008 | GJ19: 335513.06111429795 | GK19: 337331.0956083496 | GL19: 339281.1715518663 | GM19: 342222.99220713094 | GN19: 345395.9683784768 | GO19: 348759.1994301956 | GP19: 352097.9155576867 | GQ19: 355061.3 | GR19: 357221.4487408946 | GS19: 358928.59615451423 | GT19: 360519.8943830195 | GU19: 362635.5658764176 | GV19: 364357.6767620018 | GW19: 366182.81368004397 | GX19: 367898.6902955286 | GY19: 370606.6273677472 | GZ19: 374085.59341552976 | HA19: 378298.87070563686 | HB19: 381823.45486362715 | HC19: 384809.6821341181 | HD19: 387034.80884586804 | HE19: 389442.0113539036 | HF19: 391349.8859173106 | HG19: 393689.64428049355 | HH19: 396056.81181055185 | HI19: 399428.3482303715 | HJ19: 402768.56383527635 | HK19: 406736.39358143945 | HL19: 410308.0052938983 | HM19: 414131.0296985843 | HN19: 417428.87222016207 | HO19: 420316.4710166145 | HP19: 422743.1275971282 | HQ19: 424835.61 | HR19: 426841.5444887094 | HS19: 428450.01478415384 | HT19: 430411.7583631195 | HU19: 432553.7172218279 | HV19: 434481.03411075537 | HW19: 435840.9701382057 | HX19: 436332.47987498407 | HY19: 436619.65746483224 | HZ19: 438553.0899801252 | IA19: 442108.52815341065 | IB19: 446712.46031226125 | IC19: 450098.46964918025 | ID19: 451819.09374417836 | IE19: 452612.8402996695 | IF19: 452415.9998255132 | IG19: 452672.6085691529 | IH19: 452671.48005035846 | II19: 453614.7965159235 | IJ19: 455190.3611563049 | IK19: 457390.02 | IL19: 459187.00208683807 | IM19: 460550.51087910665 | IN19: 461905.4513546624 | IO19: 463786.14188270597 | IP19: 464543.4045714129 | IQ19: 462442.6743594093 | IR19: 458108.92597255064 | IS19: 454334.87966781674 | IT19: 453792.37005445757 | IU19: 456005.39 | IV19: 460561.4650606595 | IW19: 466177.3515249486 | IX19: 471663.51801595633 | IY19: 476386.0830993193 | IZ19: 481326.7981749451 | JA19: 487986.35231827263 | JB19: 497124.41095860506 | JC19: 507884.2008732895 | JD19: 518565.68191797944 | JE19: 527637.2630809114 | JF19: 534584.1162484904 | JG19: 541030.39 | JH19: 548207.9048001816 | JI19: 557458.5603104522 | JJ19: 568770.0380691404 | JK19: 582314.7675703117 | JL19: 597886.4217982496 | JM19: 613917.2770349326 | JN19: 627902.2805554693 | JO19: 638097.7329415494 | JP19: 642701.2654861612 | JQ19: 641212.1760254261 | JR19: 635528.9811295088 | JS19: 629530.8019162067 | JT19: 624664.77 | JU19: 620153.4009078939 | JV19: 615100.8600686443 | JW19: 610316.8226103807 | JX19: 607533.3419197077 | JY19: 607782.2452991431 | JZ19: 610870.4869770488 | KA19: 616618.3088085155 | KB19: 623482.6682313848 | KC19: 631386.3479661811 | KD19: 639135.7359281004 | KE19: 645605.2680946452 | KF19: 650017.4134557088 | KG19: 651628.4722706513 | KH19: 652714.2617702777 | KI19: 654685.48 | KJ19: 658295.9174977521 | KK19: 662151.9766823878 | KL19: 665318.7695701754 | KM19: 666383.1906221588 | KN19: 667153.04 | KO19: 666900.8557745906 | KP19: 666682.7257298116 | KQ19: 665182.4910203774 | KR19: 663753.9219130483 | KS19: 662487.2881485126 | KT19: 661069.2447451196 | KU19: 659966.2619166857 | KV19: 657312.1738323233 | KW19: 653704.95 | KX19: 648309.4236172213 | KY19: 643516.9145128782 | KZ19: 639223.0025790761 | LA19: 635881.5178644488 | LB19: 633287.3966543204
A20: 395148 | B20: 18 | C20: Tampa, FL | D20: msa | E20: FL | F20: 69876.46649471825 | G20: 69898.97460134156 | H20: 69983.26142426708 | I20: 70287.239 | J20: 70778.95599176052 | K20: 71380.412 | L20: 71924.84674901426 | M20: 72500.44775915529 | N20: 73036.787 | O20: 73551.68589839923 | P20: 73999.50511809348 | Q20: 74475.00982896412 | R20: 74932.76841317664 | S20: 75483.756 | T20: 75982.94816694314 | U20: 76545.79759938653 | V20: 77023.56818050136 | W20: 77545.04905895486 | X20: 78075.07221432986 | Y20: 78629.83692127909 | Z20: 79249.71480675989 | AA20: 79874.01959828862 | AB20: 80544.693 | AC20: 81244.82964993415 | AD20: 81959.26211931836 | AE20: 82607.897 | AF20: 83235.78643808175 | AG20: 83898.72078215634 | AH20: 84615.60181138449 | AI20: 85324.45382613037 | AJ20: 85998.27022577611 | AK20: 86708.68526633001 | AL20: 87422.21750441277 | AM20: 88124.39727857562 | AN20: 88825.25818718446 | AO20: 89591.47455876546 | AP20: 90404.08530482736 | AQ20: 91216.91223536956 | AR20: 92040.12986571122 | AS20: 92949.13390804216 | AT20: 93928.62836011212 | AU20: 94841.56161061343 | AV20: 95748.25260301994 | AW20: 96601.69598903992 | AX20: 97504.441 | AY20: 98403.233 | AZ20: 99260.07656308175 | BA20: 100098.08094117773 | BB20: 100864.34680477418 | BC20: 101695.70634774445 | BD20: 102704.1159872077 | BE20: 103848.53211745225 | BF20: 105050.38747581805 | BG20: 106424.20938052889 | BH20: 108094.65233992513 | BI20: 110042.55507953306 | BJ20: 112035.63295563584 | BK20: 113799.8241672683 | BL20: 115324.46121085992 | BM20: 116801.5168008379 | BN20: 118642.86993295884 | BO20: 120780.07156949695 | BP20: 123044.89303143769 | BQ20: 125704.00739718635 | BR20: 128421.80411159103 | BS20: 131287.20881044658 | BT20: 133950.73434222557 | BU20: 136887.4161856077 | BV20: 140216.3838654534 | BW20: 143225.01237299215 | BX20: 145995.0955549481 | BY20: 148205.00406131594 | BZ20: 150204.65046088374 | CA20: 152352.6458780573 | CB20: 154966.41880891053 | CC20: 157976.92656379368 | CD20: 160181.66696563768 | CE20: 161671.38734991566 | CF20: 162483.8241526284 | CG20: 163373.23921784025 | CH20: 163648.42438808287 | CI20: 163317.74 | CJ20: 162497.20935390578 | CK20: 161193.2662620249 | CL20: 160370.82369481554 | CM20: 159716.95269643448 | CN20: 159186.18686903777 | CO20: 158442.01377540219 | CP20: 157445.24993425104 | CQ20: 156183.6073847788 | CR20: 154278.7805314501 | CS20: 152042.93944592634 | CT20: 149892.80083789452 | CU20: 147771.50505975806 | CV20: 145900.15694829385 | CW20: 143212.3626589193 | CX20: 140670.09923760899 | CY20: 137736.7684973708 | CZ20: 135641.94576371834 | DA20: 133337.4385133111 | DB20: 131020.94831254649 | DC20: 128458.80031354503 | DD20: 125971.45911660581 | DE20: 123448.26176934608 | DF20: 121052.59954542869 | DG20: 118695.97327106415 | DH20: 116410.94005068178 | DI20: 114285.61248995755 | DJ20: 112244.29214865992 | DK20: 110229.62084648818 | DL20: 108224.28873173609 | DM20: 106114.06724588417 | DN20: 104462.13979816397 | DO20: 102958.1484010868 | DP20: 101697.04395176808 | DQ20: 100194.10155537502 | DR20: 98707.69219472997 | DS20: 97274.36931743781 | DT20: 96252.312 | DU20: 95376.23282353698 | DV20: 94737.41192952146 | DW20: 94173.27959273756 | DX20: 93606.10109764831 | DY20: 93191.95763189632 | DZ20: 92731.773 | EA20: 92318.39737978006 | EB20: 91567.85009923945 | EC20: 90593.39989438157 | ED20: 89410.41459451192 | EE20: 88226.73149610026 | EF20: 87086.97917038634 | EG20: 86186.268 | EH20: 85191.51247611943 | EI20: 84009.671 | EJ20: 82710.55735280784 | EK20: 81442.14823932717 | EL20: 80341.97638337586 | EM20: 79275.06232280686 | EN20: 78325.59114065768 | EO20: 77568.18955819798 | EP20: 76949.03955070641 | EQ20: 76737.30635071668 | ER20: 76539.92174088133 | ES20: 76453.54697125475 | ET20: 76209.013 | EU20: 76151.81390450159 | EV20: 76232.82712234485 | EW20: 76475.24841972672 | EX20: 76830.45161690984 | EY20: 77204.43058347983 | EZ20: 77541.95368256723 | FA20: 77652.85580628493 | FB20: 77747.928 | FC20: 78048.038 | FD20: 78595.66866283078 | FE20: 79409.13766810992 | FF20: 80164.446 | FG20: 80871.76345286414 | FH20: 81587.34782732376 | FI20: 82416.77725983699 | FJ20: 83481.46957809996 | FK20: 84490.66427443222 | FL20: 85422.91176203912 | FM20: 86221.99522094145 | FN20: 86977.95103429536 | FO20: 87857.22902229968 | FP20: 88643.91080073152 | FQ20: 89496.19861712096 | FR20: 90081.108 | FS20: 90788.76902830166 | FT20: 91392.52372837845 | FU20: 92082.75729529884 | FV20: 92790.33682229983 | FW20: 93385.98005451378 | FX20: 94053.08343277515 | FY20: 94542.47650361153 | FZ20: 95017.72070304652 | GA20: 95398.66985978081 | GB20: 95886.89267758002 | GC20: 96568.46959154688 | GD20: 97119.30900612532 | GE20: 97623.66048357608 | GF20: 98070.15510155255 | GG20: 98649.39460073206 | GH20: 99254.21554829611 | GI20: 99833.981 | GJ20: 100538.57767314994 | GK20: 101443.97685744152 | GL20: 102401.99553241848 | GM20: 103482.41542097133 | GN20: 104484.42743108484 | GO20: 105575.01232836871 | GP20: 106468.20000604284 | GQ20: 107416.95842493065 | GR20: 108236.07520474204 | GS20: 109230.42906315094 | GT20: 110015.88193103159 | GU20: 110861.94591013272 | GV20: 111500.5066969078 | GW20: 112299.77467168543 | GX20: 113256.26431069746 | GY20: 114489.53555960511 | GZ20: 115781.77155523347 | HA20: 116932.57908276284 | HB20: 117811.12896113987 | HC20: 118605.27784306103 | HD20: 119352.79964172198 | HE20: 120214.53743952785 | HF20: 120970.14416016197 | HG20: 121848.89210481416 | HH20: 122902.03814927251 | HI20: 124150.90652298181 | HJ20: 125365.51347708232 | HK20: 126606.0145667907 | HL20: 127992.52537636062 | HM20: 129387.99330840218 | HN20: 130422.02815001637 | HO20: 131210.69600556316 | HP20: 132149.22078369174 | HQ20: 133190.84197716202 | HR20: 134168.51602940127 | HS20: 134823.17722678624 | HT20: 135730.55938577605 | HU20: 136701.02285750004 | HV20: 137798.6227945259 | HW20: 138789.10240538398 | HX20: 139856.9649277496 | HY20: 140961.29202809415 | HZ20: 142012.7894655478 | IA20: 142906.75905911505 | IB20: 143621.11727465663 | IC20: 144234.92484591002 | ID20: 144653.37956126322 | IE20: 145033.87096573273 | IF20: 145319.17963689705 | IG20: 145663.02654843158 | IH20: 146007.17 | II20: 146470.33541750477 | IJ20: 147240.81969572368 | IK20: 148242.81611074667 | IL20: 149978.46302514264 | IM20: 151523.74861330978 | IN20: 152765.5080712718 | IO20: 153121.37219139715 | IP20: 153098.7671067184 | IQ20: 153004.3176336589 | IR20: 153053.20978002957 | IS20: 153642.87010424575 | IT20: 154749.02270116913 | IU20: 156254.15179745326 | IV20: 158125.9912346528 | IW20: 159890.87545187495 | IX20: 161385.47475565158 | IY20: 162825.2564346237 | IZ20: 164943.3407533972 | JA20: 167770.2310764656 | JB20: 171362.7172021173 | JC20: 175752.23101157532 | JD20: 180868.3735885777 | JE20: 185916.47040608563 | JF20: 190519.15783281912 | JG20: 194615.39713936308 | JH20: 198942.87892030666 | JI20: 203409.6570493531 | JJ20: 208233.43627276484 | JK20: 213174.79233466726 | JL20: 218712.4519902789 | JM20: 225412.8551844746 | JN20: 232718.11268398084 | JO20: 240235.4259382364 | JP20: 245952.3664924977 | JQ20: 249682.43631439787 | JR20: 251144.25195065525 | JS20: 251596.43682198296 | JT20: 251487.81417508484 | JU20: 250741.02224133976 | JV20: 248947.33922752936 | JW20: 246938.86570579614 | JX20: 245267.86933977556 | JY20: 244685.9096292341 | JZ20: 244897.24982834447 | KA20: 245676.94626652656 | KB20: 246331.70485932138 | KC20: 246821.92847677437 | KD20: 246722.04 | KE20: 246514.33601571232 | KF20: 245946.80381926717 | KG20: 245310.37755649304 | KH20: 244899.92377778972 | KI20: 244836.25822461516 | KJ20: 244858.6037707563 | KK20: 244477.1251083963 | KL20: 243012.6213757154 | KM20: 240709.6849757787 | KN20: 237744.02819605242 | KO20: 234946.44731958117 | KP20: 232295.81318433976 | KQ20: 230142.94187685588 | KR20: 227877.31271367427 | KS20: 225835.07171156464 | KT20: 223973.9194865364 | KU20: 222391.53682163928 | KV20: 220589.16535814168 | KW20: 218249.82560715033 | KX20: 215496.79444978837 | KY20: 212521.1180623496 | KZ20: 209460.9319230649 | LA20: 206587.8230639645 | LB20: 204056.00286595323
A21: 394530 | B21: 19 | C21: Denver, CO | D21: msa | E21: CO | F21: 113135.42992572674 | G21: 113761.02648364249 | H21: 114375.67833838967 | I21: 115757.90066677333 | J21: 117212.95865081134 | K21: 118756.68892449902 | L21: 120290.5336141435 | M21: 121882.92266009054 | N21: 123586.24374829249 | O21: 125213.54321771977 | P21: 126862.54966041811 | Q21: 128424.53293921899 | R21: 130061.22224051668 | S21: 131598.76095974466 | T21: 133160.18066248015 | U21: 134645.67145642487 | V21: 136030.52716026732 | W21: 137128.03470665214 | X21: 138161.93589513918 | Y21: 139166.58908756022 | Z21: 140169.3539538762 | AA21: 141064.74819079603 | AB21: 141874.50829007514 | AC21: 142525.46856930913 | AD21: 142883.62243173333 | AE21: 143199.51814877117 | AF21: 143697.5423432016 | AG21: 144280.48723774377 | AH21: 144887.3477622682 | AI21: 145299.12665712612 | AJ21: 145715.69275378087 | AK21: 145921.96117120935 | AL21: 146139.2592206671 | AM21: 146347.40742466587 | AN21: 146584.27993134604 | AO21: 146698.40093821668 | AP21: 146674.3559207707 | AQ21: 146608.4657660645 | AR21: 146711.1347464396 | AS21: 146760.3110359056 | AT21: 146728.60671533085 | AU21: 146541.52336642568 | AV21: 146475.74525137755 | AW21: 146338.88154650942 | AX21: 146288.6038994052 | AY21: 146311.6645914001 | AZ21: 146639.2367833279 | BA21: 146966.4217281793 | BB21: 147167.97614507674 | BC21: 147212.9009646247 | BD21: 147334.76084073356 | BE21: 147598.76898742965 | BF21: 147919.2860201297 | BG21: 148175.9771147962 | BH21: 148349.45213625036 | BI21: 148442.8629717076 | BJ21: 148328.59179257622 | BK21: 148271.68040456928 | BL21: 148229.75372751642 | BM21: 148445.5648690549 | BN21: 148708.20381852667 | BO21: 148892.3934737343 | BP21: 149042.6256563371 | BQ21: 149064.1455421137 | BR21: 149199.16423009752 | BS21: 149272.64814745937 | BT21: 149413.44147327673 | BU21: 149421.58931877717 | BV21: 149319.65221196844 | BW21: 149257.26137423984 | BX21: 149240.20869567295 | BY21: 149194.37943756822 | BZ21: 149150.32106867462 | CA21: 149021.4214852287 | CB21: 149016.99086938737 | CC21: 148941.06841601492 | CD21: 149044.51110849998 | CE21: 149040.1356092729 | CF21: 148917.58441806704 | CG21: 148720.55754630602 | CH21: 148267.37849119486 | CI21: 147733.76440113364 | CJ21: 147160.3685946334 | CK21: 146764.04137207902 | CL21: 146402.38206435143 | CM21: 145804.97724615337 | CN21: 145448.03337444126 | CO21: 145325.53574775276 | CP21: 145534.1746573553 | CQ21: 145613.13939673977 | CR21: 145624.11895507414 | CS21: 145547.6899096458 | CT21: 145230.0890270207 | CU21: 144632.75512341587 | CV21: 143747.6147184176 | CW21: 142681.0655802314 | CX21: 141711.83051904166 | CY21: 140878.78626663785 | CZ21: 140119.7036647972 | DA21: 139270.58761106353 | DB21: 138316.7089490971 | DC21: 137608.4998393278 | DD21: 136718.96024203356 | DE21: 135927.42594458562 | DF21: 135158.8523243449 | DG21: 134657.9794192713 | DH21: 134035.42 | DI21: 133334.89524531373 | DJ21: 132434.4598069678 | DK21: 131882.25391000533 | DL21: 131541.9016058289 | DM21: 131491.8349592499 | DN21: 131456.5317462383 | DO21: 131265.59779916692 | DP21: 130827.25010770296 | DQ21: 130359.55637428183 | DR21: 130031.48572832445 | DS21: 129919.8944231632 | DT21: 129902.22129954398 | DU21: 130021.26394464217 | DV21: 130536.35583561675 | DW21: 131125.31298126423 | DX21: 131590.04020978438 | DY21: 131465.99253226287 | DZ21: 130863.70150944572 | EA21: 129948.48907268659 | EB21: 128933.75125765498 | EC21: 127974.80251155478 | ED21: 126999.77159442326 | EE21: 126020.00283272706 | EF21: 125156.83485422393 | EG21: 124461.94494012675 | EH21: 123889.82677675883 | EI21: 123349.14300835441 | EJ21: 122723.9243521422 | EK21: 122166.75705881596 | EL21: 121101.95188798569 | EM21: 120003.1589411671 | EN21: 118860.84896346422 | EO21: 118262.65636493162 | EP21: 117951.53318977362 | EQ21: 117778.56243104377 | ER21: 117646.97653620108 | ES21: 117458.72374655538 | ET21: 117477.42809714738 | EU21: 117577.03956150485 | EV21: 117686.45614238142 | EW21: 117692.07223358669 | EX21: 117971.3429798769 | EY21: 118768.85622760635 | EZ21: 120080.49998024364 | FA21: 121563.61021682412 | FB21: 123267.79872729415 | FC21: 124870.31822265596 | FD21: 126449.91736099713 | FE21: 127873.23827098282 | FF21: 129356.99728069565 | FG21: 130795.43423095084 | FH21: 131959.29587491634 | FI21: 133074.4722994204 | FJ21: 134329.8214826034 | FK21: 135685.9593373893 | FL21: 137062.76026266263 | FM21: 138331.86485689945 | FN21: 139724.51313742858 | FO21: 141070.38051817173 | FP21: 142362.14018506464 | FQ21: 143624.78213176838 | FR21: 144782.5379209503 | FS21: 145963.38846520017 | FT21: 146864.25396374642 | FU21: 147977.5923783136 | FV21: 149219.84779615284 | FW21: 150703.1188704498 | FX21: 152201.49895189598 | FY21: 153671.75018180415 | FZ21: 155321.9093790085 | GA21: 157103.95550923192 | GB21: 159100.63599848418 | GC21: 161365.77347636674 | GD21: 163870.8123821029 | GE21: 166509.77193310557 | GF21: 168984.6303587741 | GG21: 171424.79161710225 | GH21: 174005.82598793865 | GI21: 176767.21902824682 | GJ21: 179526.95269918558 | GK21: 182182.75148801642 | GL21: 184722.87321292478 | GM21: 187301.49061566134 | GN21: 190032.0873609879 | GO21: 192860.49834042028 | GP21: 195625.13614285455 | GQ21: 198234.20415101506 | GR21: 200854.8381597607 | GS21: 203717.68597730747 | GT21: 206451.39228411202 | GU21: 209100.2711599261 | GV21: 211373.32058534608 | GW21: 213362.57583338112 | GX21: 215260.49047624413 | GY21: 217160.49267870584 | GZ21: 219311.57618246786 | HA21: 221554.12850456312 | HB21: 223694.86499607086 | HC21: 225974.4326085218 | HD21: 228303.44 | HE21: 230757.2526768354 | HF21: 232820.40281277677 | HG21: 234566.99014873675 | HH21: 236024.40576026193 | HI21: 237365.27029195288 | HJ21: 238681.0579705887 | HK21: 240248.64838948104 | HL21: 242123.5136941528 | HM21: 244280.97154963747 | HN21: 246405.70614779866 | HO21: 248445.96966523127 | HP21: 250424.58080620927 | HQ21: 252144.5477480297 | HR21: 253930.68685663692 | HS21: 255351.72258989475 | HT21: 256981.1175366637 | HU21: 258312.61561728478 | HV21: 259653.2829935204 | HW21: 260659.80700457233 | HX21: 261423.89077118164 | HY21: 262272.0662417217 | HZ21: 263255.7371031631 | IA21: 264429.25679503777 | IB21: 265343.0062323375 | IC21: 265917.6802141221 | ID21: 266081.52976953523 | IE21: 265951.95102635515 | IF21: 265542.3371828441 | IG21: 265186.24733833765 | IH21: 264849.53733435186 | II21: 264895.3029863097 | IJ21: 265373.4834302323 | IK21: 266254.86932751787 | IL21: 267840.88537762495 | IM21: 269816.55 | IN21: 272205.9617656627 | IO21: 274091.6614389595 | IP21: 274670.3624773203 | IQ21: 274189.1971830871 | IR21: 273199.2640641189 | IS21: 272939.78585167654 | IT21: 273538.80804971076 | IU21: 275129.5413283287 | IV21: 277430.71621198015 | IW21: 279988.1416780148 | IX21: 282344.38505750406 | IY21: 284822.9087292793 | IZ21: 288067.21505162126 | JA21: 292154.95671054616 | JB21: 297022.9318615631 | JC21: 302552.4783590443 | JD21: 307997.20120209124 | JE21: 312846.8537227446 | JF21: 316577.7448860122 | JG21: 319877.3380206596 | JH21: 323287.7838456451 | JI21: 327033.4842288796 | JJ21: 331705.99150161183 | JK21: 337329.3 | JL21: 344183.3754020061 | JM21: 351248.18618794857 | JN21: 357660.8592037558 | JO21: 362292.4071951541 | JP21: 364212.2278385626 | JQ21: 363384.69310890837 | JR21: 361021.48269903776 | JS21: 358779.6385152401 | JT21: 357117.1110902123 | JU21: 355318.1410057959 | JV21: 353206.72123267385 | JW21: 350974.5847040095 | JX21: 349019.12396040076 | JY21: 347790.53646540147 | JZ21: 347556.6886640106 | KA21: 348382.88836325676 | KB21: 349563.8581024518 | KC21: 350767.08324163547 | KD21: 351730.2195298633 | KE21: 352340.1951964423 | KF21: 352539.7953906844 | KG21: 352075.56779942685 | KH21: 351771.26014241826 | KI21: 351420.28597825236 | KJ21: 351232.99087971303 | KK21: 350806.1147096651 | KL21: 349811.9299364562 | KM21: 348289.43050029624 | KN21: 346628.4037112634 | KO21: 345370.58680336294 | KP21: 344237.3190210257 | KQ21: 342981.51358971396 | KR21: 341430.82543009974 | KS21: 340258.40029119706 | KT21: 339109.66618543235 | KU21: 337633.63067715307 | KV21: 335233.1636129545 | KW21: 332540.1619408236 | KX21: 329713.8112773692 | KY21: 327133.49602856545 | KZ21: 324561.6601492012 | LA21: 322759.1773109608 | LB21: 321621.58
A22: 394358 | B22: 20 | C22: Baltimore, MD | D22: msa | E22: MD | F22: 109584.68099369711 | G22: 109593.21236649444 | H22: 109714.38357697173 | I22: 109931.57003969276 | J22: 110251.81 | K22: 110633.38036395349 | L22: 111049.3774400148 | M22: 111549.7962842501 | N22: 112008.28804169128 | O22: 112498.96902075007 | P22: 112885.15014432905 | Q22: 113292.80327847505 | R22: 113657.49920927508 | S22: 113962.78496742516 | T22: 114166.00613645736 | U22: 114482.84526856006 | V22: 114908.11766140854 | W22: 115493.40887750562 | X22: 116112.21866035114 | Y22: 116860.72592353549 | Z22: 117653.93317595113 | AA22: 118370.11745498818 | AB22: 119006.49423659079 | AC22: 119621.20364672119 | AD22: 120326.41374976153 | AE22: 121104.50910234668 | AF22: 121929.52630735066 | AG22: 122801.92662971026 | AH22: 123891.4948487493 | AI22: 125167.00977717324 | AJ22: 126527.30205031116 | AK22: 127873.52656235755 | AL22: 129206.40728987078 | AM22: 130591.9 | AN22: 131951.72548273302 | AO22: 133309.63299010674 | AP22: 134522.45 | AQ22: 135709.4936655146 | AR22: 136849.89824929778 | AS22: 138118.50645645964 | AT22: 139437.7033325186 | AU22: 140948.36773569914 | AV22: 142647.95682110905 | AW22: 144470.24052596273 | AX22: 146340.99715842077 | AY22: 148169.72947372627 | AZ22: 149952.38445888422 | BA22: 151722.8754744026 | BB22: 153397.79926855303 | BC22: 154965.6643530941 | BD22: 156441.22764233456 | BE22: 158258.2029301546 | BF22: 160533.0889445487 | BG22: 163209.50814708628 | BH22: 165786.58193206906 | BI22: 168876.42570361993 | BJ22: 172082.47879002427 | BK22: 175445.38679531074 | BL22: 178593.18838420243 | BM22: 181567.56317149894 | BN22: 184308.17332376365 | BO22: 186401.03127346662 | BP22: 188614.29365667605 | BQ22: 191279.45914445457 | BR22: 194604.99978347193 | BS22: 198303.5848982158 | BT22: 202423.9478468309 | BU22: 206917.45123764942 | BV22: 210684.07785502324 | BW22: 213952.7805548729 | BX22: 216400.11322256873 | BY22: 218947.19328310725 | BZ22: 221081.51419801192 | CA22: 223421.49967336594 | CB22: 225686.22112297718 | CC22: 228300.79059804315 | CD22: 230686.0503951907 | CE22: 232916.08784834636 | CF22: 234705.56971035138 | CG22: 235933.58832391983 | CH22: 237030.96723315003 | CI22: 237654.45370430461 | CJ22: 237809.49488080453 | CK22: 237482.66456117292 | CL22: 237309.05569250812 | CM22: 237542.43900242285 | CN22: 237933.90825006933 | CO22: 238376.04202893993 | CP22: 238700.71682942216 | CQ22: 238962.8029446263 | CR22: 238972.56881665438 | CS22: 238971.23621226684 | CT22: 238786.67704624598 | CU22: 238460.32792701272 | CV22: 237425.07424752903 | CW22: 236115.14354476775 | CX22: 234985.40324275658 | CY22: 234374.68413841017 | CZ22: 234052.02979790478 | DA22: 233108.76907778988 | DB22: 231879.5636940459 | DC22: 230243.36043597874 | DD22: 228384.25 | DE22: 226118.19888291962 | DF22: 223852.44000002244 | DG22: 221642.92 | DH22: 219792.91025971132 | DI22: 217914.16137439155 | DJ22: 216186.72172957045 | DK22: 214495.95922631386 | DL22: 212835.15 | DM22: 210901.89221981016 | DN22: 208645.26490953224 | DO22: 206771.0202359686 | DP22: 205335.97132968518 | DQ22: 204323.90626367927 | DR22: 203047.81753954614 | DS22: 201885.4617119329 | DT22: 200873.45643225475 | DU22: 200013.47595350546 | DV22: 199310.53307566544 | DW22: 198752.16453420758 | DX22: 198472.9006331536 | DY22: 198561.4943210112 | DZ22: 198790.6828618068 | EA22: 198674.4786688676 | EB22: 197946.94454719443 | EC22: 196340.1905946481 | ED22: 194462.3759042737 | EE22: 192549.58997305637 | EF22: 190724.44437759113 | EG22: 188922.01199377913 | EH22: 187486.98758238376 | EI22: 186585.28955089336 | EJ22: 185957.51194161657 | EK22: 184870.73683120936 | EL22: 183557.09182729843 | EM22: 182158.23087494096 | EN22: 180636.51612459225 | EO22: 179052.4690715455 | EP22: 177487.34012725693 | EQ22: 176381.96250256104 | ER22: 175398.14045759875 | ES22: 174586.7805023491 | ET22: 173666.47680351572 | EU22: 173244.75173969383 | EV22: 173251.45637279146 | EW22: 173732.2380995993 | EX22: 174107.12291817064 | EY22: 174316.41648399932 | EZ22: 174352.81393269243 | FA22: 174038.19988137437 | FB22: 173732.42079940287 | FC22: 173376.90683308436 | FD22: 173580.51142415192 | FE22: 173818.28727026551 | FF22: 174710.1500587314 | FG22: 175851.0429516861 | FH22: 177092.8928969909 | FI22: 178086.01184439062 | FJ22: 179086.9373574918 | FK22: 180094.87498512364 | FL22: 180551.98589512007 | FM22: 180537.04268861932 | FN22: 180598.80928570998 | FO22: 181006.00356792237 | FP22: 181737.18875614853 | FQ22: 182398.74004518925 | FR22: 183100.5454891315 | FS22: 183720.64273700645 | FT22: 184476.0565706852 | FU22: 185362.66685079932 | FV22: 186207.58542391963 | FW22: 186489.02210566137 | FX22: 186389.65013613642 | FY22: 186037.74345641967 | FZ22: 185863.4460972538 | GA22: 185609.14305632873 | GB22: 185797.15591975048 | GC22: 186032.74401663998 | GD22: 186151.72776930782 | GE22: 185987.3900629537 | GF22: 186043.93977320273 | GG22: 186360.7719867007 | GH22: 186667.89518627012 | GI22: 186578.04272757017 | GJ22: 186467.0428365079 | GK22: 186369.12793205868 | GL22: 186427.28426103303 | GM22: 186603.67305674695 | GN22: 186951.33184293195 | GO22: 187532.95052052182 | GP22: 187942.41634138403 | GQ22: 187987.0708585321 | GR22: 187673.6852946529 | GS22: 187622.2747492918 | GT22: 187746.97941945502 | GU22: 188198.6249250382 | GV22: 188452.97945019824 | GW22: 188648.35101166283 | GX22: 188870.19694666448 | GY22: 189092.44686840882 | GZ22: 189639.2769690842 | HA22: 190236.47022931094 | HB22: 190784.4442643194 | HC22: 191270.01113592088 | HD22: 191593.46123839705 | HE22: 192301.11683394513 | HF22: 192748.8616105784 | HG22: 193066.56665680013 | HH22: 193188.76600041287 | HI22: 193345.07169217197 | HJ22: 193664.0183772455 | HK22: 194072.64063431846 | HL22: 194546.56534299927 | HM22: 195121.96496816562 | HN22: 195575.73640049316 | HO22: 196086.91250464483 | HP22: 196810.58795640172 | HQ22: 197442.11026577384 | HR22: 198051.13874337252 | HS22: 198171.50244994977 | HT22: 198819.15866086932 | HU22: 199545.3350620562 | HV22: 200621.50809374906 | HW22: 201289.41533362167 | HX22: 201943.8224068548 | HY22: 202461.55909409712 | HZ22: 202885.69937762464 | IA22: 203265.1994134887 | IB22: 203691.60872268202 | IC22: 204265.30063504723 | ID22: 204752.16998014264 | IE22: 205108.53827677434 | IF22: 205401.73119890547 | IG22: 205768.4969225464 | IH22: 206059.9907703176 | II22: 206384.81206114675 | IJ22: 206935.08818419068 | IK22: 207822.58397964376 | IL22: 208952.2629822347 | IM22: 210031.01968827462 | IN22: 211116.17023591755 | IO22: 212031.8092856994 | IP22: 212280.23298916328 | IQ22: 212045.80396287944 | IR22: 211697.8914896699 | IS22: 212039.62684529825 | IT22: 213128.82351300342 | IU22: 214857.35928025338 | IV22: 217035.50701425844 | IW22: 219220.1179540638 | IX22: 221186.07711153073 | IY22: 223013.98565634154 | IZ22: 225215.3485059028 | JA22: 227767.3954591415 | JB22: 230803.43298109496 | JC22: 233659.87266441085 | JD22: 235910.40339901872 | JE22: 237361.0913659285 | JF22: 238141.34237776464 | JG22: 238841.00893469361 | JH22: 239787.2474711797 | JI22: 241174.47658647652 | JJ22: 242905.91712382343 | JK22: 244668.39108930776 | JL22: 246475.28417440483 | JM22: 248808.19990003054 | JN22: 251348.16805618085 | JO22: 253988.55392308056 | JP22: 255601.04533445675 | JQ22: 256229.16985999094 | JR22: 256257.51512714356 | JS22: 256635.26239598985 | JT22: 257241.00007533317 | JU22: 257859.0134361258 | JV22: 258265.1149029059 | JW22: 258974.0072083796 | JX22: 259885.44320873404 | JY22: 261314.8955608344 | JZ22: 263120.17 | KA22: 265195.11804946006 | KB22: 267260.84 | KC22: 269146.9219316827 | KD22: 270939.6687174108 | KE22: 272229.0320242908 | KF22: 273052.2035185607 | KG22: 273160.35705805564 | KH22: 273429.5445768759 | KI22: 274083.41 | KJ22: 275624.0801054663 | KK22: 277239.6570370392 | KL22: 278431.59090274916 | KM22: 278635.48230319255 | KN22: 278352.4523349775 | KO22: 278135.2017886377 | KP22: 278178.83214429294 | KQ22: 278456.3172713952 | KR22: 278641.76774556626 | KS22: 279116.09629528644 | KT22: 279891.22503321373 | KU22: 280508.78785796504 | KV22: 280687.66665312176 | KW22: 280307.65629016445 | KX22: 280015.60705471056 | KY22: 279811.6813720785 | KZ22: 279600.2486168452 | LA22: 279452.82077589445 | LB22: 279197.1680034942
A23: 395121 | B23: 21 | C23: St. Louis, MO | D23: msa | E23: MO | F23: 97044.98637056991 | G23: 97188.01637740378 | H23: 97328.50734887808 | I23: 97670.306 | J23: 98055.159 | K23: 98594.23746128888 | L23: 99274.71058712242 | M23: 100087.8644175192 | N23: 100988.89367727668 | O23: 101980.67468859298 | P23: 103070.32846436027 | Q23: 103903.6592915925 | R23: 104373.78058870543 | S23: 104660.94565504395 | T23: 105038.94304171375 | U23: 105742.27863967053 | V23: 106530.28758854292 | W23: 107428.87966317734 | X23: 108353.9084172569 | Y23: 109234.42536343772 | Z23: 110215.88224238365 | AA23: 111164.25772960624 | AB23: 112152.79774816764 | AC23: 113100.60614039128 | AD23: 113964.31996491342 | AE23: 114793.39658930634 | AF23: 115463.3329029754 | AG23: 116166.23589854183 | AH23: 116945.5340301415 | AI23: 117973.34952616766 | AJ23: 119135.67523515153 | AK23: 120152.32600984462 | AL23: 121001.78505192471 | AM23: 121726.64650732727 | AN23: 122472.1623388856 | AO23: 123103.29834436391 | AP23: 123720.74862163649 | AQ23: 124358.86895035999 | AR23: 125065.84176444366 | AS23: 125805.80395263362 | AT23: 126623.98933374348 | AU23: 127573.15448964253 | AV23: 128423.81233516156 | AW23: 129145.62683054766 | AX23: 129817.31848250347 | AY23: 130569.1485564721 | AZ23: 131356.13527216882 | BA23: 132232.72375647796 | BB23: 133079.88602150744 | BC23: 133799.0097709671 | BD23: 134282.89282513087 | BE23: 134772.0846645441 | BF23: 135436.6934756994 | BG23: 136257.66669924528 | BH23: 137140.76211337614 | BI23: 137954.5654148656 | BJ23: 138546.8233748844 | BK23: 138974.47878194487 | BL23: 139392.2276330275 | BM23: 139977.34529260683 | BN23: 140622.8325171004 | BO23: 141273.89116635433 | BP23: 141910.92070819848 | BQ23: 142596.39163912585 | BR23: 143354.51923712125 | BS23: 144093.76123948715 | BT23: 144697.5902443933 | BU23: 145267.40542144692 | BV23: 145811.80325716874 | BW23: 146423.24394815843 | BX23: 146967.9987669658 | BY23: 147535.19079681885 | BZ23: 147980.67957052888 | CA23: 148389.7664465947 | CB23: 148764.09264160265 | CC23: 149195.04428216268 | CD23: 149685.11438927444 | CE23: 150181.0312067142 | CF23: 150622.35144536698 | CG23: 150797.3873088274 | CH23: 150856.8142083315 | CI23: 150896.33275319033 | CJ23: 151037.41993203724 | CK23: 151060.69015303138 | CL23: 151094.52 | CM23: 151113.94331422137 | CN23: 151205.52183848957 | CO23: 151258.44712968473 | CP23: 151281.1786761771 | CQ23: 151287.61359023547 | CR23: 151231.70185326305 | CS23: 151026.67261149586 | CT23: 150650.02910752504 | CU23: 150152.14613513954 | CV23: 149566.9634445966 | CW23: 149019.03175046845 | CX23: 148620.66363431257 | CY23: 148468.64700906866 | CZ23: 148298.69600004228 | DA23: 147746.7618449209 | DB23: 147022.71639484554 | DC23: 146162.0811660874 | DD23: 145494.14 | DE23: 144825.76925973865 | DF23: 144283.1751573592 | DG23: 143613.0144988771 | DH23: 142835.97737874303 | DI23: 142017.75269349472 | DJ23: 141313.6603945604 | DK23: 140935.19682481105 | DL23: 140788.10772295142 | DM23: 140568.60752287842 | DN23: 140001.38711750894 | DO23: 139066.0933730894 | DP23: 137963.74550056906 | DQ23: 136922.05570155993 | DR23: 135897.27354516718 | DS23: 135201.58733914405 | DT23: 134920.41482146733 | DU23: 135027.30540210768 | DV23: 135269.54210611607 | DW23: 135100.32485471104 | DX23: 134808.6528937529 | DY23: 134599.5275238021 | DZ23: 134726.79744676585 | EA23: 134684.30202965217 | EB23: 134245.6361972542 | EC23: 133488.69675022687 | ED23: 132649.73820219716 | EE23: 131672.6294671501 | EF23: 130753.84623781196 | EG23: 129836.98256942358 | EH23: 128992.51758432045 | EI23: 128159.53005437476 | EJ23: 127258.8478857986 | EK23: 126431.32301431661 | EL23: 125514.51481341686 | EM23: 124686.84598414146 | EN23: 123770.46274396697 | EO23: 122636.49822806253 | EP23: 121580.5356377896 | EQ23: 120558.61060975771 | ER23: 119662.8818276971 | ES23: 118669.80310285254 | ET23: 117766.0649218064 | EU23: 117134.25520232954 | EV23: 116723.55330572184 | EW23: 116449.37609580373 | EX23: 116269.45481509199 | EY23: 116196.58350371494 | EZ23: 116132.87416520009 | FA23: 116004.92487839163 | FB23: 115809.57629294641 | FC23: 115585.29712792777 | FD23: 115451.54492111056 | FE23: 115322.36123235303 | FF23: 115365.35873208505 | FG23: 115508.53146452348 | FH23: 115703.89296105686 | FI23: 115854.84821640741 | FJ23: 115911.26236815698 | FK23: 115959.69325287321 | FL23: 115863.98249839178 | FM23: 115907.88790217593 | FN23: 116171.75054438155 | FO23: 116601.04719934815 | FP23: 116806.47639179474 | FQ23: 116862.79926250696 | FR23: 116892.51786682499 | FS23: 117003.05477751342 | FT23: 117252.15636360036 | FU23: 117761.93751029311 | FV23: 118629.9513477576 | FW23: 119456.05474680255 | FX23: 120086.10144298262 | FY23: 120396.87274473452 | FZ23: 120542.9769579036 | GA23: 120570.97952612296 | GB23: 120510.41018678357 | GC23: 120539.72 | GD23: 120416.06 | GE23: 120373.30038469967 | GF23: 120457.28529814765 | GG23: 120909.78970843216 | GH23: 121545.30664200104 | GI23: 122045.5720898168 | GJ23: 122473.26457125938 | GK23: 122957.36366742667 | GL23: 123340.68622958724 | GM23: 123735.94620592087 | GN23: 123958.50458978576 | GO23: 124379.38225499558 | GP23: 124951.4873902384 | GQ23: 125540.86478332207 | GR23: 126058.19961815204 | GS23: 126549.28745271974 | GT23: 127079.6526865911 | GU23: 127662.9762806092 | GV23: 128043.30963122101 | GW23: 128224.04002522811 | GX23: 128361.90065360157 | GY23: 128606.3550952968 | GZ23: 129025.72650637953 | HA23: 129508.8013896495 | HB23: 130030.35609897494 | HC23: 130534.45813126158 | HD23: 131173.68904138866 | HE23: 131874.38959144536 | HF23: 132609.94562596068 | HG23: 133310.95889074358 | HH23: 133935.98348139445 | HI23: 134497.98193227363 | HJ23: 134937.27430557273 | HK23: 135464.03886166643 | HL23: 136036.6810039341 | HM23: 136690.61607800782 | HN23: 137243.10175432626 | HO23: 137947.2268133233 | HP23: 138669.79666042211 | HQ23: 139396.93887951376 | HR23: 139857.31886684388 | HS23: 139905.80831417712 | HT23: 140116.05244689895 | HU23: 140481.63031449978 | HV23: 141176.98514696897 | HW23: 141768.9506880357 | HX23: 142341.43764338235 | HY23: 142834.78450882225 | HZ23: 143278.93647460884 | IA23: 143777.55398622807 | IB23: 144182.08495393596 | IC23: 144386.4365878018 | ID23: 144352.13323027937 | IE23: 144302.56682724453 | IF23: 144280.66524751845 | IG23: 144383.66848801487 | IH23: 144537.44843162352 | II23: 144965.99827918876 | IJ23: 145500.5127701479 | IK23: 146106.7234082062 | IL23: 147031.8893692917 | IM23: 148047.48029167947 | IN23: 149191.5006123236 | IO23: 150090.72062327378 | IP23: 150547.00546253842 | IQ23: 150694.6564825991 | IR23: 150724.81304695163 | IS23: 151258.96635682703 | IT23: 152356.82632997376 | IU23: 153752.9009110998 | IV23: 155391.15646963895 | IW23: 156868.0344981072 | IX23: 158173.88031468148 | IY23: 159487.74750936832 | IZ23: 161187.74466130455 | JA23: 163306.79080045765 | JB23: 165661.46541447728 | JC23: 167957.67950145018 | JD23: 169906.0524415909 | JE23: 171377.67787969313 | JF23: 172350.56722574387 | JG23: 173165.38202173007 | JH23: 174077.62201437782 | JI23: 175232.4402323394 | JJ23: 176522.00383036394 | JK23: 178121.9665200337 | JL23: 179941.99400768543 | JM23: 182161.72404993858 | JN23: 184288.26950745514 | JO23: 186469.15841925392 | JP23: 187885.00933454212 | JQ23: 188463.01368017728 | JR23: 188516.63644569888 | JS23: 188761.66143704313 | JT23: 189234.1744459893 | JU23: 189780.41241344123 | JV23: 190086.34099064153 | JW23: 190447.06256601642 | JX23: 190847.74101249967 | JY23: 191837.57528478143 | JZ23: 193347.67137947425 | KA23: 195211.0313806315 | KB23: 197041.89513649745 | KC23: 198610.3362372244 | KD23: 199750.11868686244 | KE23: 200192.41466135895 | KF23: 200332.29850443834 | KG23: 200093.48519500854 | KH23: 200033.73381709305 | KI23: 200261.79676414523 | KJ23: 201010.81540080858 | KK23: 201842.9731127768 | KL23: 202154.8254623639 | KM23: 202060.98195603813 | KN23: 201766.41987108113 | KO23: 201762.07664895835 | KP23: 201639.71475581182 | KQ23: 201583.2787371029 | KR23: 201308.00219167265 | KS23: 201332.83597385432 | KT23: 201547.90127904006 | KU23: 201649.41584524958 | KV23: 201498.6718061346 | KW23: 201193.2909832114 | KX23: 200958.21 | KY23: 200600.9879844462 | KZ23: 200167.6650857063 | LA23: 199850.4201044078 | LB23: 199642.5282795662
A24: 394943 | B24: 22 | C24: Orlando, FL | D24: msa | E24: FL | F24: 69187.54675902732 | G24: 69432.89428531422 | H24: 69684.68007431699 | I24: 70162.77604976278 | J24: 70630.23295250464 | K24: 71108.13197430984 | L24: 71579.616 | M24: 72056.075 | N24: 72547.64378890743 | O24: 73103.64517133392 | P24: 73622.49102162584 | Q24: 74077.84854127977 | R24: 74439.53491405053 | S24: 74799.18786727691 | T24: 75250.05495190312 | U24: 75752.70055220889 | V24: 76351.69337053686 | W24: 76873.52767720865 | X24: 77313.52116221555 | Y24: 77666.85286528147 | Z24: 78031.35606820179 | AA24: 78520.84544496736 | AB24: 79064.423 | AC24: 79597.29381957916 | AD24: 80108.08294392166 | AE24: 80595.41939115933 | AF24: 81146.24292077372 | AG24: 81720.00518160082 | AH24: 82271.83306164067 | AI24: 82814.107 | AJ24: 83325.38760473048 | AK24: 83943.01783544681 | AL24: 84547.07343257313 | AM24: 85208.96718539426 | AN24: 85809.40977944717 | AO24: 86433.383 | AP24: 86999.61930467618 | AQ24: 87556.30357321542 | AR24: 88071.87696684939 | AS24: 88671.725 | AT24: 89331.89277218898 | AU24: 90026.01408888143 | AV24: 90686.22939433977 | AW24: 91363.63731150779 | AX24: 91955.02193943837 | AY24: 92524.46907875036 | AZ24: 93136.65994385882 | BA24: 93843.15213714028 | BB24: 94578.389 | BC24: 95216.13501807315 | BD24: 95903.112 | BE24: 96708.70576850597 | BF24: 97660.99688594393 | BG24: 98827.62149987913 | BH24: 100112.3444785141 | BI24: 101615.46180101308 | BJ24: 103046.78078911488 | BK24: 104610.74501942292 | BL24: 106190.97816602762 | BM24: 107886.52828553849 | BN24: 109658.2762140213 | BO24: 111722.84553445743 | BP24: 114218.75025380484 | BQ24: 117170.34550942406 | BR24: 120385.16883873445 | BS24: 123942.4528422391 | BT24: 127710.74712532398 | BU24: 131563.4276696327 | BV24: 135184.08520832317 | BW24: 138464.66794231805 | BX24: 141735.45792409065 | BY24: 145079.89790629715 | BZ24: 148424.56974677046 | CA24: 151498.91959376202 | CB24: 154447.12909867414 | CC24: 157492.88845962993 | CD24: 160408.88864406964 | CE24: 162929.2268942006 | CF24: 164763.27189464573 | CG24: 165888.1460966456 | CH24: 166401.68854684127 | CI24: 166867.5679118875 | CJ24: 167026.8163277786 | CK24: 167119.42219675364 | CL24: 166502.69242133628 | CM24: 166199.92761850703 | CN24: 165904.07 | CO24: 166096.16767011723 | CP24: 166144.63182070953 | CQ24: 165825.09860102364 | CR24: 164945.09376215175 | CS24: 163584.1047664209 | CT24: 162083.03 | CU24: 160218.7236254451 | CV24: 158370.24422716338 | CW24: 156127.94936192821 | CX24: 154177.11 | CY24: 151506.14741222994 | CZ24: 148991.39772397032 | DA24: 145965.8324520693 | DB24: 142693.45788625174 | DC24: 139256.69948051314 | DD24: 136073.21376041227 | DE24: 133159.83615883256 | DF24: 130665.56616410187 | DG24: 128000.91621465368 | DH24: 124573.49816320128 | DI24: 120279.25790598833 | DJ24: 115431.89879211083 | DK24: 110958.00816002424 | DL24: 106997.31481160784 | DM24: 103142.17266507349 | DN24: 99756.37716114304 | DO24: 96239.21726535053 | DP24: 93079.68127978337 | DQ24: 89684.33105755679 | DR24: 86345.91623349716 | DS24: 83034.56252174579 | DT24: 80343.09650084424 | DU24: 78034.89534417319 | DV24: 75641.19706986936 | DW24: 73296.07332949914 | DX24: 71309.10442899179 | DY24: 70060.51738668763 | DZ24: 69265.02154500993 | EA24: 68400.03637187394 | EB24: 67510.73235131805 | EC24: 66537.32848608025 | ED24: 65620.32410111905 | EE24: 64874.59673809813 | EF24: 64143.07510182019 | EG24: 63419.59921373878 | EH24: 62785.677 | EI24: 62348.70294214198 | EJ24: 61923.45694486608 | EK24: 61412.80030938241 | EL24: 60905.85405923983 | EM24: 60521.986984148396 | EN24: 60309.08371716641 | EO24: 60357.957 | EP24: 60526.84871061837 | EQ24: 60720.90901217621 | ER24: 60801.45731985845 | ES24: 61023.66532643076 | ET24: 61487.81154652254 | EU24: 62057.14479762877 | EV24: 62497.89771514599 | EW24: 62863.40067407942 | EX24: 63328.4 | EY24: 64046.648489920655 | EZ24: 64820.64420276141 | FA24: 65655.77521197638 | FB24: 66574.28028463027 | FC24: 67552.99092075562 | FD24: 68429.89301428905 | FE24: 69366.48944671416 | FF24: 70433.64730124739 | FG24: 71567.88684808546 | FH24: 72614.03 | FI24: 73685.88662254089 | FJ24: 75001.68280265808 | FK24: 76370.55022193161 | FL24: 77623.11942282988 | FM24: 78834.57565959357 | FN24: 80095.45879307725 | FO24: 81457.81141349983 | FP24: 82464.73595201121 | FQ24: 83343.55193061622 | FR24: 84132.853 | FS24: 85210.24495636042 | FT24: 86122.89839580539 | FU24: 86950.88409593505 | FV24: 87576.04677020502 | FW24: 88149.09576879376 | FX24: 88680.489 | FY24: 89184.59697300581 | FZ24: 89709.22577325585 | GA24: 89959.74839536981 | GB24: 90286.038 | GC24: 90720.415 | GD24: 91369.10626035463 | GE24: 91939.98902585304 | GF24: 92264.51807149609 | GG24: 92547.17116167373 | GH24: 92798.626 | GI24: 93029.79681821256 | GJ24: 93287.93074372753 | GK24: 93646.65939170698 | GL24: 94204.81560192247 | GM24: 94881.379 | GN24: 95407.459 | GO24: 95916.81216907113 | GP24: 96421.27410918944 | GQ24: 97179.37584978419 | GR24: 97891.43399276298 | GS24: 98597.193 | GT24: 99122.10583792761 | GU24: 99983.10146568855 | GV24: 100595.39196389446 | GW24: 101346.12574081791 | GX24: 102071.14609903871 | GY24: 103134.71602631979 | GZ24: 104202.45209270979 | HA24: 105063.07194461406 | HB24: 105881.2770506993 | HC24: 106792.8 | HD24: 107835.15800937563 | HE24: 108863.86385400512 | HF24: 109787.09157106925 | HG24: 110803.90587018633 | HH24: 111898.29261029696 | HI24: 112979.07456014254 | HJ24: 113888.32397809804 | HK24: 114856.62422320188 | HL24: 115863.15771307638 | HM24: 116970.13853921805 | HN24: 117879.16185019219 | HO24: 118883.37775587628 | HP24: 120091.83621469163 | HQ24: 121368.52524087996 | HR24: 122595.14829084506 | HS24: 123495.09233482974 | HT24: 124619.88112301531 | HU24: 125804.8221717305 | HV24: 127252.4251922646 | HW24: 128655.01934457506 | HX24: 130190.61012789451 | HY24: 131778.63454139698 | HZ24: 133531.82573820223 | IA24: 135188.48559717063 | IB24: 136560.01 | IC24: 137522.1872371415 | ID24: 138217.16495495968 | IE24: 138856.1933488867 | IF24: 139249.85187593848 | IG24: 139611.5622112157 | IH24: 139953.53832894753 | II24: 140596.82622338625 | IJ24: 141541.97460352676 | IK24: 142736.30855769044 | IL24: 144067.85485548465 | IM24: 145219.06349769243 | IN24: 146078.9706427478 | IO24: 146708.70762120726 | IP24: 147103.21109445585 | IQ24: 147034.3211209166 | IR24: 146673.08212850345 | IS24: 146283.9988314671 | IT24: 146352.34966369174 | IU24: 146810.57748325975 | IV24: 147668.0804012149 | IW24: 148560.51902237858 | IX24: 149426.1978822936 | IY24: 150120.84019097863 | IZ24: 151107.56363132337 | JA24: 152201.6911096585 | JB24: 153681.90555650787 | JC24: 155837.35319905286 | JD24: 158458.6840901477 | JE24: 161361.8428065333 | JF24: 163952.18463458566 | JG24: 166665.79621786092 | JH24: 169820.92177969788 | JI24: 173496.73584936312 | JJ24: 177521.1646707772 | JK24: 181619.17631611307 | JL24: 185804.9371374542 | JM24: 190805.61549745206 | JN24: 196148.26391993705 | JO24: 202156.30917372796 | JP24: 207125.89452697427 | JQ24: 210980.39036134133 | JR24: 213289.91 | JS24: 214902.91446798536 | JT24: 216210.91667891177 | JU24: 216807.31023563832 | JV24: 216465.54761946268 | JW24: 215942.59259881437 | JX24: 215544.3741489946 | JY24: 215971.06356744972 | JZ24: 216447.6836082119 | KA24: 217343.4969919019 | KB24: 218227.25134491886 | KC24: 219251.08821763028 | KD24: 219922.28661815237 | KE24: 220404.0370262131 | KF24: 220689.91321840335 | KG24: 220784.5697740306 | KH24: 220798.59650213868 | KI24: 220730.58752309813 | KJ24: 220784.23618620494 | KK24: 220717.37363162023 | KL24: 220038.82787768365 | KM24: 218795.76097655974 | KN24: 217309.11403114573 | KO24: 215964.7120974896 | KP24: 214576.72472053312 | KQ24: 213101.4367152982 | KR24: 211534.0809198688 | KS24: 210391.33806865444 | KT24: 209432.37383640502 | KU24: 208479.28453283408 | KV24: 206880.81623880015 | KW24: 204926.72944617274 | KX24: 202503.17 | KY24: 200163.55681104853 | KZ24: 197737.82193875522 | LA24: 195759.38494964349 | LB24: 193882.24163600363
A25: 394458 | B25: 23 | C25: Charlotte, NC | D25: msa | E25: NC | F25: 119278.54291762575 | G25: 119407.69000099698 | H25: 119568.62434403604 | I25: 119948.27234541219 | J25: 120402.85754506191 | K25: 120848.97611115397 | L25: 121265.04247375547 | M25: 121665.60324673045 | N25: 122019.01508452349 | O25: 122307.40889018496 | P25: 122566.76294960694 | Q25: 122794.9538761516 | R25: 123062.35864632453 | S25: 123313.72772874306 | T25: 123601.81890889134 | U25: 123846.12255575426 | V25: 124062.77021703182 | W25: 124275.46991920233 | X25: 124497.84012679983 | Y25: 124776.49654308152 | Z25: 125049.5108781904 | AA25: 125282.5451617579 | AB25: 125362.54959598307 | AC25: 125392.88380959695 | AD25: 125434.34566708999 | AE25: 125537.89487002941 | AF25: 125643.07940762851 | AG25: 125807.0667953752 | AH25: 125869.01797924074 | AI25: 125952.25778721554 | AJ25: 125946.5884899359 | AK25: 126077.95630359203 | AL25: 126181.0581889645 | AM25: 126216.56498643284 | AN25: 126155.23290077492 | AO25: 126095.7549292132 | AP25: 126106.9779028645 | AQ25: 126239.24106569328 | AR25: 126349.17184121558 | AS25: 126440.39226719706 | AT25: 126544.08560982878 | AU25: 126615.97051293771 | AV25: 126735.48013496253 | AW25: 126828.80685261688 | AX25: 126943.02919575134 | AY25: 127031.96062839641 | AZ25: 127080.70664018819 | BA25: 127198.4194146996 | BB25: 127289.56836526346 | BC25: 127348.3717307195 | BD25: 127346.41609269772 | BE25: 127375.79429030158 | BF25: 127456.28698831187 | BG25: 127655.4751078671 | BH25: 127929.64930789305 | BI25: 128172.37569262997 | BJ25: 128363.31397369353 | BK25: 128457.06828272417 | BL25: 128601.23765956431 | BM25: 128648.17042557016 | BN25: 128796.75681956702 | BO25: 129012.06465580926 | BP25: 129363.87 | BQ25: 129679.10135033684 | BR25: 129973.74011359732 | BS25: 130309.43 | BT25: 130651.78963624664 | BU25: 131062.56975884736 | BV25: 131538.1424869954 | BW25: 132067.7839240417 | BX25: 132524.5197208065 | BY25: 132961.00601269188 | BZ25: 133344.22411721144 | CA25: 133724.28687870584 | CB25: 134059.58466911814 | CC25: 134610.36112110692 | CD25: 135308.57892332601 | CE25: 136228.70868820572 | CF25: 137131.4001514189 | CG25: 138047.24629016814 | CH25: 138779.5522139898 | CI25: 139403.17910344212 | CJ25: 139950.94751192848 | CK25: 140582.87563175938 | CL25: 141145.28 | CM25: 141462.6999481762 | CN25: 141909.92553829588 | CO25: 142664.63991710896 | CP25: 143742.51921980528 | CQ25: 144786.23453129377 | CR25: 145791.00578490924 | CS25: 146741.88095798102 | CT25: 147588.4531027573 | CU25: 148055.16014563412 | CV25: 148319.60549170853 | CW25: 148324.34949198723 | CX25: 148534.3042744956 | CY25: 148808.48681298856 | CZ25: 149163.50678640814 | DA25: 149183.22612202817 | DB25: 149061.80173413022 | DC25: 148725.61698554302 | DD25: 148245.56288332035 | DE25: 147743.95350715597 | DF25: 147247.13200860567 | DG25: 146890.6822985685 | DH25: 145927.5651997976 | DI25: 144410.77300693453 | DJ25: 142312.7917018507 | DK25: 141096.66325213888 | DL25: 140710.71821032392 | DM25: 140671.8364455509 | DN25: 140081.64266394905 | DO25: 139113.60006609713 | DP25: 138166.50702501377 | DQ25: 137213.76033786856 | DR25: 136348.94136663649 | DS25: 135752.5552130707 | DT25: 135585.66354602468 | DU25: 135516.77319441448 | DV25: 135501.1739741862 | DW25: 135073.2472520181 | DX25: 134378.67109622585 | DY25: 133805.71623571505 | DZ25: 133470.2163920837 | EA25: 132951.11893443344 | EB25: 131920.8144543162 | EC25: 130712.40919392156 | ED25: 129391.55981294806 | EE25: 128164.99854746218 | EF25: 126749.45800639813 | EG25: 125671.1999303808 | EH25: 124650.62496663169 | EI25: 123831.62068577118 | EJ25: 122963.94398128572 | EK25: 122054.63128061932 | EL25: 120762.85623698769 | EM25: 119536.46110030945 | EN25: 118372.15540505461 | EO25: 117650.22283309522 | EP25: 116993.70018869969 | EQ25: 116177.9088641929 | ER25: 115200.08495114314 | ES25: 114567.80425087137 | ET25: 114135.08436986564 | EU25: 114207.98268455574 | EV25: 114442.40518182026 | EW25: 115011.28236071952 | EX25: 115657.0249760705 | EY25: 116127.05289699622 | EZ25: 116499.4991160734 | FA25: 116752.1369561422 | FB25: 117126.5675799543 | FC25: 117706.29921496923 | FD25: 118348.71404531742 | FE25: 118860.77259004652 | FF25: 119254.55727390485 | FG25: 119799.3637004865 | FH25: 120456.90784477053 | FI25: 121248.32167513388 | FJ25: 122117.32752861972 | FK25: 123194.26251612771 | FL25: 124260.3303408778 | FM25: 125172.28318171622 | FN25: 125984.89163383085 | FO25: 126968.57943855575 | FP25: 127861.55440201134 | FQ25: 128761.48239236804 | FR25: 129486.53183266538 | FS25: 130232.45708256627 | FT25: 130797.27032556765 | FU25: 131331.72029222242 | FV25: 131921.11142466826 | FW25: 132455.09 | FX25: 132828.75566828428 | FY25: 133048.16698214784 | FZ25: 133274.29029951137 | GA25: 133539.72105842596 | GB25: 134121.38245500924 | GC25: 134940.61086008954 | GD25: 135916.23813049716 | GE25: 136657.49470673923 | GF25: 137260.94757252408 | GG25: 137620.8910161412 | GH25: 138233.1691473794 | GI25: 138870.1124359572 | GJ25: 139790.89905414122 | GK25: 140673.18875428298 | GL25: 141657.42503583676 | GM25: 142782.57135619046 | GN25: 143987.6811251205 | GO25: 145176.38545243596 | GP25: 146347.90349394592 | GQ25: 147292.2714992012 | GR25: 147998.37978173126 | GS25: 148686.88499229445 | GT25: 149429.62704672184 | GU25: 150515.97295639032 | GV25: 151553.1885271072 | GW25: 152634.7690343796 | GX25: 153778.1283396977 | GY25: 154966.62531883075 | GZ25: 156279.0279468485 | HA25: 157545.45261559382 | HB25: 158768.96735474022 | HC25: 159732.36440140344 | HD25: 160556.81952565207 | HE25: 161523.55098259015 | HF25: 162584.12696406568 | HG25: 163834.53317095712 | HH25: 165139.30629455874 | HI25: 166570.3092838486 | HJ25: 167753.3623367436 | HK25: 168887.1297016786 | HL25: 170103.41227101706 | HM25: 171520.61824684616 | HN25: 172801.8378423402 | HO25: 173977.1713076937 | HP25: 175320.44024657356 | HQ25: 176451.8686002999 | HR25: 177549.63585025564 | HS25: 178193.0045031455 | HT25: 179192.98204226696 | HU25: 180274.7920778057 | HV25: 181519.53766736717 | HW25: 182592.30086908964 | HX25: 183744.34977999944 | HY25: 184976.5880464254 | HZ25: 186589.68118043765 | IA25: 188027.4442095116 | IB25: 189304.80836265767 | IC25: 189991.34646746225 | ID25: 190672.96959228863 | IE25: 191260.3811446052 | IF25: 191878.90941217626 | IG25: 192331.99049132466 | IH25: 192806.13713638752 | II25: 193494.42617813076 | IJ25: 194381.28126001195 | IK25: 195266.0665413364 | IL25: 196277.09 | IM25: 197381.5534829225 | IN25: 198762.15366436946 | IO25: 199997.97307834553 | IP25: 200755.40485279998 | IQ25: 201256.75839926084 | IR25: 201962.8792111786 | IS25: 203435.14743941533 | IT25: 205531.28298151575 | IU25: 208069.80156828163 | IV25: 211029.38140843835 | IW25: 214168.88486867445 | IX25: 216966.1188751026 | IY25: 219648.65655052257 | IZ25: 222825.1454066002 | JA25: 227042.62598168993 | JB25: 232058.61414902526 | JC25: 237578.80737474887 | JD25: 244746.56716090685 | JE25: 252467.9965574902 | JF25: 260461.87622754008 | JG25: 266887.98059358035 | JH25: 273271.5998277213 | JI25: 279299.10348706786 | JJ25: 283829.80544868344 | JK25: 286366.0312797706 | JL25: 287620.13803093927 | JM25: 290332.0652174051 | JN25: 293885.46494784445 | JO25: 298307.5266402742 | JP25: 301294.74372237345 | JQ25: 302717.6394594985 | JR25: 302485.7954821499 | JS25: 302541.7869306125 | JT25: 302900.91407696815 | JU25: 302523.8854534473 | JV25: 300258.0581804557 | JW25: 296794.68950224743 | JX25: 294389.9154229598 | JY25: 293706.63761408057 | JZ25: 294636.58982881386 | KA25: 296367.48081886367 | KB25: 298226.7783891815 | KC25: 300547.3341257781 | KD25: 302474.7148414273 | KE25: 304206.43143435236 | KF25: 305176.69074378343 | KG25: 305329.1729064854 | KH25: 305621.9353862098 | KI25: 306348.6429639028 | KJ25: 307931.77605144004 | KK25: 309048.59 | KL25: 309804.66472985764 | KM25: 309534.0437268393 | KN25: 308850.7609260808 | KO25: 307862.26390309614 | KP25: 307000.36370433925 | KQ25: 306214.0498506837 | KR25: 305029.18645860994 | KS25: 304135.8837819822 | KT25: 303929.4936205762 | KU25: 304405.1437479062 | KV25: 304679.2383533246 | KW25: 304471.9293658882 | KX25: 303920.77719233016 | KY25: 303192.96514237835 | KZ25: 302544.0682114286 | LA25: 302342.48448929685 | LB25: 302457.24517647224
